timestamp,id,agent,execTime,game,level,win,score,timesteps,parameters
1421269639,0,MCTSAgent,2015/01/14 22:07:19,aliens,0,1,81,470,MCTSAgent,true,20,1.0
1421269639,1,MCTSAgent,2015/01/14 22:07:19,aliens,1,1,67,412,MCTSAgent,true,20,1.0
1421269639,2,MCTSAgent,2015/01/14 22:07:19,aliens,2,1,66,365,MCTSAgent,true,20,1.0
1421269639,3,MCTSAgent,2015/01/14 22:07:19,aliens,3,1,40,400,MCTSAgent,true,20,1.0
1421269639,4,MCTSAgent,2015/01/14 22:07:19,aliens,4,1,63,398,MCTSAgent,true,20,1.0
1421269639,5,MCTSAgent,2015/01/14 22:07:19,boulderdash,0,0,22,2000,MCTSAgent,true,20,1.0
1421269639,6,MCTSAgent,2015/01/14 22:07:19,boulderdash,1,0,23,252,MCTSAgent,true,20,1.0
1421269639,7,MCTSAgent,2015/01/14 22:07:19,boulderdash,2,1,26,564,MCTSAgent,true,20,1.0
1421269639,8,MCTSAgent,2015/01/14 22:07:19,boulderdash,3,0,7,177,MCTSAgent,true,20,1.0
1421269639,9,MCTSAgent,2015/01/14 22:07:19,boulderdash,4,1,20,349,MCTSAgent,true,20,1.0
1421269639,10,MCTSAgent,2015/01/14 22:07:19,butterflies,0,1,20,152,MCTSAgent,true,20,1.0
1421269639,11,MCTSAgent,2015/01/14 22:07:19,butterflies,1,1,32,306,MCTSAgent,true,20,1.0
1421269639,12,MCTSAgent,2015/01/14 22:07:19,butterflies,2,1,52,180,MCTSAgent,true,20,1.0
1421269639,13,MCTSAgent,2015/01/14 22:07:19,butterflies,3,1,24,206,MCTSAgent,true,20,1.0
1421269639,14,MCTSAgent,2015/01/14 22:07:19,butterflies,4,1,14,45,MCTSAgent,true,20,1.0
1421269639,15,MCTSAgent,2015/01/14 22:07:19,chase,0,1,7,1699,MCTSAgent,true,20,1.0
1421269639,16,MCTSAgent,2015/01/14 22:07:19,chase,1,0,7,2000,MCTSAgent,true,20,1.0
1421269639,17,MCTSAgent,2015/01/14 22:07:19,chase,2,0,14,2000,MCTSAgent,true,20,1.0
1421269639,18,MCTSAgent,2015/01/14 22:07:19,chase,3,1,8,172,MCTSAgent,true,20,1.0
1421269639,19,MCTSAgent,2015/01/14 22:07:19,chase,4,1,12,131,MCTSAgent,true,20,1.0
1421269639,20,MCTSAgent,2015/01/14 22:07:19,frogs,0,0,-2,59,MCTSAgent,true,20,1.0
1421269639,21,MCTSAgent,2015/01/14 22:07:19,frogs,1,0,-2,30,MCTSAgent,true,20,1.0
1421269639,22,MCTSAgent,2015/01/14 22:07:19,frogs,2,0,-2,60,MCTSAgent,true,20,1.0
1421269639,23,MCTSAgent,2015/01/14 22:07:19,frogs,3,0,-2,8,MCTSAgent,true,20,1.0
1421269639,24,MCTSAgent,2015/01/14 22:07:19,frogs,4,0,0,6,MCTSAgent,true,20,1.0
1421269639,25,MCTSAgent,2015/01/14 22:07:19,missilecommand,0,1,5,110,MCTSAgent,true,20,1.0
1421269639,26,MCTSAgent,2015/01/14 22:07:19,missilecommand,1,1,16,68,MCTSAgent,true,20,1.0
1421269639,27,MCTSAgent,2015/01/14 22:07:19,missilecommand,2,1,5,126,MCTSAgent,true,20,1.0
1421269639,28,MCTSAgent,2015/01/14 22:07:19,missilecommand,3,1,8,110,MCTSAgent,true,20,1.0
1421269639,29,MCTSAgent,2015/01/14 22:07:19,missilecommand,4,1,5,183,MCTSAgent,true,20,1.0
1421269639,30,MCTSAgent,2015/01/14 22:07:19,portals,0,0,0,2000,MCTSAgent,true,20,1.0
1421269639,31,MCTSAgent,2015/01/14 22:07:19,portals,1,0,0,1430,MCTSAgent,true,20,1.0
1421269639,32,MCTSAgent,2015/01/14 22:07:19,portals,2,0,0,2000,MCTSAgent,true,20,1.0
1421269639,33,MCTSAgent,2015/01/14 22:07:19,portals,3,0,0,2000,MCTSAgent,true,20,1.0
1421269639,34,MCTSAgent,2015/01/14 22:07:19,portals,4,0,0,7,MCTSAgent,true,20,1.0
1421269639,35,MCTSAgent,2015/01/14 22:07:19,sokoban,0,0,2,2000,MCTSAgent,true,20,1.0
1421269639,36,MCTSAgent,2015/01/14 22:07:19,sokoban,1,0,2,2000,MCTSAgent,true,20,1.0
1421269639,37,MCTSAgent,2015/01/14 22:07:19,sokoban,2,1,3,280,MCTSAgent,true,20,1.0
1421269639,38,MCTSAgent,2015/01/14 22:07:19,sokoban,3,0,1,2000,MCTSAgent,true,20,1.0
1421269639,39,MCTSAgent,2015/01/14 22:07:19,sokoban,4,1,2,7,MCTSAgent,true,20,1.0
1421269639,40,MCTSAgent,2015/01/14 22:07:19,survivezombies,0,1,30,1000,MCTSAgent,true,20,1.0
1421269639,41,MCTSAgent,2015/01/14 22:07:19,survivezombies,1,1,53,1000,MCTSAgent,true,20,1.0
1421269639,42,MCTSAgent,2015/01/14 22:07:19,survivezombies,2,0,37,972,MCTSAgent,true,20,1.0
1421269639,43,MCTSAgent,2015/01/14 22:07:19,survivezombies,3,0,7,139,MCTSAgent,true,20,1.0
1421269639,44,MCTSAgent,2015/01/14 22:07:19,survivezombies,4,0,5,201,MCTSAgent,true,20,1.0
1421269639,45,MCTSAgent,2015/01/14 22:07:19,zelda,0,1,4,997,MCTSAgent,true,20,1.0
1421269639,46,MCTSAgent,2015/01/14 22:07:19,zelda,1,0,3,2000,MCTSAgent,true,20,1.0
1421269639,47,MCTSAgent,2015/01/14 22:07:19,zelda,2,1,6,1567,MCTSAgent,true,20,1.0
1421269639,48,MCTSAgent,2015/01/14 22:07:19,zelda,3,1,6,942,MCTSAgent,true,20,1.0
1421269639,49,MCTSAgent,2015/01/14 22:07:19,zelda,4,0,4,1065,MCTSAgent,true,20,1.0
1421269639,50,MCTSAgent,2015/01/14 22:07:19,camelRace,0,0,-1,78,MCTSAgent,true,20,1.0
1421269639,51,MCTSAgent,2015/01/14 22:07:19,camelRace,1,0,-1,78,MCTSAgent,true,20,1.0
1421269639,52,MCTSAgent,2015/01/14 22:07:19,camelRace,2,0,-1,78,MCTSAgent,true,20,1.0
1421269639,53,MCTSAgent,2015/01/14 22:07:19,camelRace,3,1,1,653,MCTSAgent,true,20,1.0
1421269639,54,MCTSAgent,2015/01/14 22:07:19,camelRace,4,0,-1,176,MCTSAgent,true,20,1.0
1421269639,55,MCTSAgent,2015/01/14 22:07:19,digdug,0,0,19,1992,MCTSAgent,true,20,1.0
1421269639,56,MCTSAgent,2015/01/14 22:07:19,digdug,1,0,33,2000,MCTSAgent,true,20,1.0
1421269639,57,MCTSAgent,2015/01/14 22:07:19,digdug,2,0,52,2000,MCTSAgent,true,20,1.0
1421269639,58,MCTSAgent,2015/01/14 22:07:19,digdug,3,0,14,2000,MCTSAgent,true,20,1.0
1421269639,59,MCTSAgent,2015/01/14 22:07:19,digdug,4,0,24,2000,MCTSAgent,true,20,1.0
1421269639,60,MCTSAgent,2015/01/14 22:07:19,firestorms,0,0,-1,2000,MCTSAgent,true,20,1.0
1421269639,61,MCTSAgent,2015/01/14 22:07:19,firestorms,1,0,-1,70,MCTSAgent,true,20,1.0
1421269639,62,MCTSAgent,2015/01/14 22:07:19,firestorms,2,0,-2,2000,MCTSAgent,true,20,1.0
1421269639,63,MCTSAgent,2015/01/14 22:07:19,firestorms,3,0,-1,18,MCTSAgent,true,20,1.0
1421269639,64,MCTSAgent,2015/01/14 22:07:19,firestorms,4,0,0,2000,MCTSAgent,true,20,1.0
1421269639,65,MCTSAgent,2015/01/14 22:07:19,infection,0,1,43,650,MCTSAgent,true,20,1.0
1421269639,66,MCTSAgent,2015/01/14 22:07:19,infection,1,1,16,327,MCTSAgent,true,20,1.0
1421269639,67,MCTSAgent,2015/01/14 22:07:19,infection,2,1,40,1362,MCTSAgent,true,20,1.0
1421269639,68,MCTSAgent,2015/01/14 22:07:19,infection,3,1,2,217,MCTSAgent,true,20,1.0
1421269639,69,MCTSAgent,2015/01/14 22:07:19,infection,4,1,10,222,MCTSAgent,true,20,1.0
1421269639,70,MCTSAgent,2015/01/14 22:07:19,firecaster,0,0,12,2000,MCTSAgent,true,20,1.0
1421269639,71,MCTSAgent,2015/01/14 22:07:19,firecaster,1,0,16,2000,MCTSAgent,true,20,1.0
1421269639,72,MCTSAgent,2015/01/14 22:07:19,firecaster,2,0,4,2000,MCTSAgent,true,20,1.0
1421269639,73,MCTSAgent,2015/01/14 22:07:19,firecaster,3,0,22,2000,MCTSAgent,true,20,1.0
1421269639,74,MCTSAgent,2015/01/14 22:07:19,firecaster,4,0,4,2000,MCTSAgent,true,20,1.0
1421269639,75,MCTSAgent,2015/01/14 22:07:19,overload,0,1,12,164,MCTSAgent,true,20,1.0
1421269639,76,MCTSAgent,2015/01/14 22:07:19,overload,1,0,13,2000,MCTSAgent,true,20,1.0
1421269639,77,MCTSAgent,2015/01/14 22:07:19,overload,2,1,21,211,MCTSAgent,true,20,1.0
1421269639,78,MCTSAgent,2015/01/14 22:07:19,overload,3,0,13,2000,MCTSAgent,true,20,1.0
1421269639,79,MCTSAgent,2015/01/14 22:07:19,overload,4,0,52,2000,MCTSAgent,true,20,1.0
1421269639,80,MCTSAgent,2015/01/14 22:07:19,pacman,0,0,253,2000,MCTSAgent,true,20,1.0
1421269639,81,MCTSAgent,2015/01/14 22:07:19,pacman,1,0,294,2000,MCTSAgent,true,20,1.0
1421269639,82,MCTSAgent,2015/01/14 22:07:19,pacman,2,0,364,2000,MCTSAgent,true,20,1.0
1421269639,83,MCTSAgent,2015/01/14 22:07:19,pacman,3,0,101,2000,MCTSAgent,true,20,1.0
1421269639,84,MCTSAgent,2015/01/14 22:07:19,pacman,4,0,128,2000,MCTSAgent,true,20,1.0
1421269639,85,MCTSAgent,2015/01/14 22:07:19,seaquest,0,0,2082,2000,MCTSAgent,true,20,1.0
1421269639,86,MCTSAgent,2015/01/14 22:07:19,seaquest,1,0,53,1806,MCTSAgent,true,20,1.0
1421269639,87,MCTSAgent,2015/01/14 22:07:19,seaquest,2,0,5061,2000,MCTSAgent,true,20,1.0
1421269639,88,MCTSAgent,2015/01/14 22:07:19,seaquest,3,0,6112,1922,MCTSAgent,true,20,1.0
1421269639,89,MCTSAgent,2015/01/14 22:07:19,seaquest,4,0,12087,2000,MCTSAgent,true,20,1.0
1421269639,90,MCTSAgent,2015/01/14 22:07:19,whackamole,0,1,23,500,MCTSAgent,true,20,1.0
1421269639,91,MCTSAgent,2015/01/14 22:07:19,whackamole,1,0,-2,172,MCTSAgent,true,20,1.0
1421269639,92,MCTSAgent,2015/01/14 22:07:19,whackamole,2,1,21,500,MCTSAgent,true,20,1.0
1421269639,93,MCTSAgent,2015/01/14 22:07:19,whackamole,3,1,29,500,MCTSAgent,true,20,1.0
1421269639,94,MCTSAgent,2015/01/14 22:07:19,whackamole,4,1,3,500,MCTSAgent,true,20,1.0
1421269639,95,MCTSAgent,2015/01/14 22:07:19,eggomania,0,0,0,271,MCTSAgent,true,20,1.0
1421269639,96,MCTSAgent,2015/01/14 22:07:19,eggomania,1,1,106,147,MCTSAgent,true,20,1.0
1421269639,97,MCTSAgent,2015/01/14 22:07:19,eggomania,2,0,18,371,MCTSAgent,true,20,1.0
1421269639,98,MCTSAgent,2015/01/14 22:07:19,eggomania,3,1,106,263,MCTSAgent,true,20,1.0
1421269639,99,MCTSAgent,2015/01/14 22:07:19,eggomania,4,0,0,55,MCTSAgent,true,20,1.0
1421269639,100,MCTSAgent,2015/01/14 22:07:19,aliens,0,1,62,343,MCTSAgent,true,20,1.0
1421269639,101,MCTSAgent,2015/01/14 22:07:19,aliens,1,1,74,405,MCTSAgent,true,20,1.0
1421269639,102,MCTSAgent,2015/01/14 22:07:19,aliens,2,1,73,441,MCTSAgent,true,20,1.0
1421269639,103,MCTSAgent,2015/01/14 22:07:19,aliens,3,1,40,402,MCTSAgent,true,20,1.0
1421269639,104,MCTSAgent,2015/01/14 22:07:19,aliens,4,1,62,366,MCTSAgent,true,20,1.0
1421269639,105,MCTSAgent,2015/01/14 22:07:19,boulderdash,0,1,18,718,MCTSAgent,true,20,1.0
1421269639,106,MCTSAgent,2015/01/14 22:07:19,boulderdash,1,0,3,46,MCTSAgent,true,20,1.0
1421269639,107,MCTSAgent,2015/01/14 22:07:19,boulderdash,2,1,46,1407,MCTSAgent,true,20,1.0
1421269639,108,MCTSAgent,2015/01/14 22:07:19,boulderdash,3,0,14,2000,MCTSAgent,true,20,1.0
1421269639,109,MCTSAgent,2015/01/14 22:07:19,boulderdash,4,1,18,329,MCTSAgent,true,20,1.0
1421269639,110,MCTSAgent,2015/01/14 22:07:19,butterflies,0,1,12,106,MCTSAgent,true,20,1.0
1421269639,111,MCTSAgent,2015/01/14 22:07:19,butterflies,1,1,26,172,MCTSAgent,true,20,1.0
1421269639,112,MCTSAgent,2015/01/14 22:07:19,butterflies,2,1,52,212,MCTSAgent,true,20,1.0
1421269639,113,MCTSAgent,2015/01/14 22:07:19,butterflies,3,1,22,112,MCTSAgent,true,20,1.0
1421269639,114,MCTSAgent,2015/01/14 22:07:19,butterflies,4,1,14,72,MCTSAgent,true,20,1.0
1421269639,115,MCTSAgent,2015/01/14 22:07:19,chase,0,1,7,1622,MCTSAgent,true,20,1.0
1421269639,116,MCTSAgent,2015/01/14 22:07:19,chase,1,1,7,1088,MCTSAgent,true,20,1.0
1421269639,117,MCTSAgent,2015/01/14 22:07:19,chase,2,0,14,2000,MCTSAgent,true,20,1.0
1421269639,118,MCTSAgent,2015/01/14 22:07:19,chase,3,1,7,860,MCTSAgent,true,20,1.0
1421269639,119,MCTSAgent,2015/01/14 22:07:19,chase,4,1,11,266,MCTSAgent,true,20,1.0
1421269639,120,MCTSAgent,2015/01/14 22:07:19,frogs,0,0,-2,4,MCTSAgent,true,20,1.0
1421269639,121,MCTSAgent,2015/01/14 22:07:19,frogs,1,0,-2,30,MCTSAgent,true,20,1.0
1421269639,122,MCTSAgent,2015/01/14 22:07:19,frogs,2,0,-2,22,MCTSAgent,true,20,1.0
1421269639,123,MCTSAgent,2015/01/14 22:07:19,frogs,3,0,-2,0,MCTSAgent,true,20,1.0
1421269639,124,MCTSAgent,2015/01/14 22:07:19,frogs,4,0,0,5,MCTSAgent,true,20,1.0
1421269639,125,MCTSAgent,2015/01/14 22:07:19,missilecommand,0,1,2,209,MCTSAgent,true,20,1.0
1421269639,126,MCTSAgent,2015/01/14 22:07:19,missilecommand,1,1,16,86,MCTSAgent,true,20,1.0
1421269639,127,MCTSAgent,2015/01/14 22:07:19,missilecommand,2,1,5,96,MCTSAgent,true,20,1.0
1421269639,128,MCTSAgent,2015/01/14 22:07:19,missilecommand,3,1,11,110,MCTSAgent,true,20,1.0
1421269639,129,MCTSAgent,2015/01/14 22:07:19,missilecommand,4,1,5,161,MCTSAgent,true,20,1.0
1421269639,130,MCTSAgent,2015/01/14 22:07:19,portals,0,0,0,2000,MCTSAgent,true,20,1.0
1421269639,131,MCTSAgent,2015/01/14 22:07:19,portals,1,1,1,304,MCTSAgent,true,20,1.0
1421269639,132,MCTSAgent,2015/01/14 22:07:19,portals,2,0,0,2000,MCTSAgent,true,20,1.0
1421269639,133,MCTSAgent,2015/01/14 22:07:19,portals,3,0,0,2000,MCTSAgent,true,20,1.0
1421269639,134,MCTSAgent,2015/01/14 22:07:19,portals,4,0,0,31,MCTSAgent,true,20,1.0
1421269639,135,MCTSAgent,2015/01/14 22:07:19,sokoban,0,0,1,2000,MCTSAgent,true,20,1.0
1421269639,136,MCTSAgent,2015/01/14 22:07:19,sokoban,1,1,3,303,MCTSAgent,true,20,1.0
1421269639,137,MCTSAgent,2015/01/14 22:07:19,sokoban,2,1,3,258,MCTSAgent,true,20,1.0
1421269639,138,MCTSAgent,2015/01/14 22:07:19,sokoban,3,0,1,2000,MCTSAgent,true,20,1.0
1421269639,139,MCTSAgent,2015/01/14 22:07:19,sokoban,4,1,2,9,MCTSAgent,true,20,1.0
1421269639,140,MCTSAgent,2015/01/14 22:07:19,survivezombies,0,1,28,1000,MCTSAgent,true,20,1.0
1421269639,141,MCTSAgent,2015/01/14 22:07:19,survivezombies,1,0,31,672,MCTSAgent,true,20,1.0
1421269639,142,MCTSAgent,2015/01/14 22:07:19,survivezombies,2,0,21,279,MCTSAgent,true,20,1.0
1421269639,143,MCTSAgent,2015/01/14 22:07:19,survivezombies,3,0,8,134,MCTSAgent,true,20,1.0
1421269639,144,MCTSAgent,2015/01/14 22:07:19,survivezombies,4,0,2,152,MCTSAgent,true,20,1.0
1421269639,145,MCTSAgent,2015/01/14 22:07:19,zelda,0,0,0,206,MCTSAgent,true,20,1.0
1421269639,146,MCTSAgent,2015/01/14 22:07:19,zelda,1,1,2,1549,MCTSAgent,true,20,1.0
1421269639,147,MCTSAgent,2015/01/14 22:07:19,zelda,2,0,2,1991,MCTSAgent,true,20,1.0
1421269639,148,MCTSAgent,2015/01/14 22:07:19,zelda,3,1,4,646,MCTSAgent,true,20,1.0
1421269639,149,MCTSAgent,2015/01/14 22:07:19,zelda,4,0,3,2000,MCTSAgent,true,20,1.0
1421269639,150,MCTSAgent,2015/01/14 22:07:19,camelRace,0,0,-1,78,MCTSAgent,true,20,1.0
1421269639,151,MCTSAgent,2015/01/14 22:07:19,camelRace,1,0,-1,78,MCTSAgent,true,20,1.0
1421269639,152,MCTSAgent,2015/01/14 22:07:19,camelRace,2,0,-1,78,MCTSAgent,true,20,1.0
1421269639,153,MCTSAgent,2015/01/14 22:07:19,camelRace,3,0,0,2000,MCTSAgent,true,20,1.0
1421269639,154,MCTSAgent,2015/01/14 22:07:19,camelRace,4,0,-1,176,MCTSAgent,true,20,1.0
1421269639,155,MCTSAgent,2015/01/14 22:07:19,digdug,0,0,22,2000,MCTSAgent,true,20,1.0
1421269639,156,MCTSAgent,2015/01/14 22:07:19,digdug,1,0,24,2000,MCTSAgent,true,20,1.0
1421269639,157,MCTSAgent,2015/01/14 22:07:19,digdug,2,0,51,2000,MCTSAgent,true,20,1.0
1421269639,158,MCTSAgent,2015/01/14 22:07:19,digdug,3,0,13,2000,MCTSAgent,true,20,1.0
1421269639,159,MCTSAgent,2015/01/14 22:07:19,digdug,4,0,1,143,MCTSAgent,true,20,1.0
1421269639,160,MCTSAgent,2015/01/14 22:07:19,firestorms,0,0,-4,869,MCTSAgent,true,20,1.0
1421269639,161,MCTSAgent,2015/01/14 22:07:19,firestorms,1,0,-2,79,MCTSAgent,true,20,1.0
1421269639,162,MCTSAgent,2015/01/14 22:07:19,firestorms,2,0,-1,14,MCTSAgent,true,20,1.0
1421269639,163,MCTSAgent,2015/01/14 22:07:19,firestorms,3,0,-1,28,MCTSAgent,true,20,1.0
1421269639,164,MCTSAgent,2015/01/14 22:07:19,firestorms,4,0,0,2000,MCTSAgent,true,20,1.0
1421269639,165,MCTSAgent,2015/01/14 22:07:19,infection,0,1,250,961,MCTSAgent,true,20,1.0
1421269639,166,MCTSAgent,2015/01/14 22:07:19,infection,1,1,18,178,MCTSAgent,true,20,1.0
1421269639,167,MCTSAgent,2015/01/14 22:07:19,infection,2,0,61,2000,MCTSAgent,true,20,1.0
1421269639,168,MCTSAgent,2015/01/14 22:07:19,infection,3,1,8,78,MCTSAgent,true,20,1.0
1421269639,169,MCTSAgent,2015/01/14 22:07:19,infection,4,1,36,460,MCTSAgent,true,20,1.0
1421269639,170,MCTSAgent,2015/01/14 22:07:19,firecaster,0,0,18,2000,MCTSAgent,true,20,1.0
1421269639,171,MCTSAgent,2015/01/14 22:07:19,firecaster,1,0,12,2000,MCTSAgent,true,20,1.0
1421269639,172,MCTSAgent,2015/01/14 22:07:19,firecaster,2,0,6,2000,MCTSAgent,true,20,1.0
1421269639,173,MCTSAgent,2015/01/14 22:07:19,firecaster,3,0,26,2000,MCTSAgent,true,20,1.0
1421269639,174,MCTSAgent,2015/01/14 22:07:19,firecaster,4,0,4,2000,MCTSAgent,true,20,1.0
1421269639,175,MCTSAgent,2015/01/14 22:07:19,overload,0,0,19,2000,MCTSAgent,true,20,1.0
1421269639,176,MCTSAgent,2015/01/14 22:07:19,overload,1,1,12,560,MCTSAgent,true,20,1.0
1421269639,177,MCTSAgent,2015/01/14 22:07:19,overload,2,1,13,50,MCTSAgent,true,20,1.0
1421269639,178,MCTSAgent,2015/01/14 22:07:19,overload,3,0,13,2000,MCTSAgent,true,20,1.0
1421269639,179,MCTSAgent,2015/01/14 22:07:19,overload,4,0,43,2000,MCTSAgent,true,20,1.0
1421269639,180,MCTSAgent,2015/01/14 22:07:19,pacman,0,0,326,2000,MCTSAgent,true,20,1.0
1421269639,181,MCTSAgent,2015/01/14 22:07:19,pacman,1,0,330,1508,MCTSAgent,true,20,1.0
1421269639,182,MCTSAgent,2015/01/14 22:07:19,pacman,2,0,438,2000,MCTSAgent,true,20,1.0
1421269639,183,MCTSAgent,2015/01/14 22:07:19,pacman,3,0,135,2000,MCTSAgent,true,20,1.0
1421269639,184,MCTSAgent,2015/01/14 22:07:19,pacman,4,0,102,2000,MCTSAgent,true,20,1.0
1421269639,185,MCTSAgent,2015/01/14 22:07:19,seaquest,0,0,29,455,MCTSAgent,true,20,1.0
1421269639,186,MCTSAgent,2015/01/14 22:07:19,seaquest,1,0,1152,2000,MCTSAgent,true,20,1.0
1421269639,187,MCTSAgent,2015/01/14 22:07:19,seaquest,2,0,10063,2000,MCTSAgent,true,20,1.0
1421269639,188,MCTSAgent,2015/01/14 22:07:19,seaquest,3,0,5057,1080,MCTSAgent,true,20,1.0
1421269639,189,MCTSAgent,2015/01/14 22:07:19,seaquest,4,0,15091,2000,MCTSAgent,true,20,1.0
1421269639,190,MCTSAgent,2015/01/14 22:07:19,whackamole,0,1,33,500,MCTSAgent,true,20,1.0
1421269639,191,MCTSAgent,2015/01/14 22:07:19,whackamole,1,1,28,500,MCTSAgent,true,20,1.0
1421269639,192,MCTSAgent,2015/01/14 22:07:19,whackamole,2,1,27,500,MCTSAgent,true,20,1.0
1421269639,193,MCTSAgent,2015/01/14 22:07:19,whackamole,3,1,30,500,MCTSAgent,true,20,1.0
1421269639,194,MCTSAgent,2015/01/14 22:07:19,whackamole,4,1,1,500,MCTSAgent,true,20,1.0
1421269639,195,MCTSAgent,2015/01/14 22:07:19,eggomania,0,0,10,733,MCTSAgent,true,20,1.0
1421269639,196,MCTSAgent,2015/01/14 22:07:19,eggomania,1,1,106,147,MCTSAgent,true,20,1.0
1421269639,197,MCTSAgent,2015/01/14 22:07:19,eggomania,2,0,4,271,MCTSAgent,true,20,1.0
1421269639,198,MCTSAgent,2015/01/14 22:07:19,eggomania,3,1,112,634,MCTSAgent,true,20,1.0
1421269639,199,MCTSAgent,2015/01/14 22:07:19,eggomania,4,0,1,71,MCTSAgent,true,20,1.0
1421269639,200,MCTSAgent,2015/01/14 22:07:19,aliens,0,1,67,385,MCTSAgent,true,20,1.0
1421269639,201,MCTSAgent,2015/01/14 22:07:19,aliens,1,1,77,391,MCTSAgent,true,20,1.0
1421269639,202,MCTSAgent,2015/01/14 22:07:19,aliens,2,1,75,497,MCTSAgent,true,20,1.0
1421269639,203,MCTSAgent,2015/01/14 22:07:19,aliens,3,1,46,438,MCTSAgent,true,20,1.0
1421269639,204,MCTSAgent,2015/01/14 22:07:19,aliens,4,1,66,499,MCTSAgent,true,20,1.0
1421269639,205,MCTSAgent,2015/01/14 22:07:19,boulderdash,0,1,20,928,MCTSAgent,true,20,1.0
1421269639,206,MCTSAgent,2015/01/14 22:07:19,boulderdash,1,0,7,81,MCTSAgent,true,20,1.0
1421269639,207,MCTSAgent,2015/01/14 22:07:19,boulderdash,2,0,13,248,MCTSAgent,true,20,1.0
1421269639,208,MCTSAgent,2015/01/14 22:07:19,boulderdash,3,0,11,213,MCTSAgent,true,20,1.0
1421269639,209,MCTSAgent,2015/01/14 22:07:19,boulderdash,4,1,18,74,MCTSAgent,true,20,1.0
1421269639,210,MCTSAgent,2015/01/14 22:07:19,butterflies,0,1,20,77,MCTSAgent,true,20,1.0
1421269639,211,MCTSAgent,2015/01/14 22:07:19,butterflies,1,1,28,100,MCTSAgent,true,20,1.0
1421269639,212,MCTSAgent,2015/01/14 22:07:19,butterflies,2,1,46,126,MCTSAgent,true,20,1.0
1421269639,213,MCTSAgent,2015/01/14 22:07:19,butterflies,3,1,22,87,MCTSAgent,true,20,1.0
1421269639,214,MCTSAgent,2015/01/14 22:07:19,butterflies,4,1,14,54,MCTSAgent,true,20,1.0
1421269639,215,MCTSAgent,2015/01/14 22:07:19,chase,0,1,7,217,MCTSAgent,true,20,1.0
1421269639,216,MCTSAgent,2015/01/14 22:07:19,chase,1,1,8,596,MCTSAgent,true,20,1.0
1421269639,217,MCTSAgent,2015/01/14 22:07:19,chase,2,0,10,2000,MCTSAgent,true,20,1.0
1421269639,218,MCTSAgent,2015/01/14 22:07:19,chase,3,1,8,513,MCTSAgent,true,20,1.0
1421269639,219,MCTSAgent,2015/01/14 22:07:19,chase,4,1,12,122,MCTSAgent,true,20,1.0
1421269639,220,MCTSAgent,2015/01/14 22:07:19,frogs,0,0,-2,9,MCTSAgent,true,20,1.0
1421269639,221,MCTSAgent,2015/01/14 22:07:19,frogs,1,0,-2,15,MCTSAgent,true,20,1.0
1421269639,222,MCTSAgent,2015/01/14 22:07:19,frogs,2,0,-2,57,MCTSAgent,true,20,1.0
1421269639,223,MCTSAgent,2015/01/14 22:07:19,frogs,3,0,-2,1,MCTSAgent,true,20,1.0
1421269639,224,MCTSAgent,2015/01/14 22:07:19,frogs,4,0,0,6,MCTSAgent,true,20,1.0
1421269639,225,MCTSAgent,2015/01/14 22:07:19,missilecommand,0,1,5,110,MCTSAgent,true,20,1.0
1421269639,226,MCTSAgent,2015/01/14 22:07:19,missilecommand,1,1,16,99,MCTSAgent,true,20,1.0
1421269639,227,MCTSAgent,2015/01/14 22:07:19,missilecommand,2,1,5,114,MCTSAgent,true,20,1.0
1421269639,228,MCTSAgent,2015/01/14 22:07:19,missilecommand,3,1,8,110,MCTSAgent,true,20,1.0
1421269639,229,MCTSAgent,2015/01/14 22:07:19,missilecommand,4,1,5,137,MCTSAgent,true,20,1.0
1421269639,230,MCTSAgent,2015/01/14 22:07:19,portals,0,0,0,2000,MCTSAgent,true,20,1.0
1421269639,231,MCTSAgent,2015/01/14 22:07:19,portals,1,0,0,1739,MCTSAgent,true,20,1.0
1421269639,232,MCTSAgent,2015/01/14 22:07:19,portals,2,0,0,2000,MCTSAgent,true,20,1.0
1421269639,233,MCTSAgent,2015/01/14 22:07:19,portals,3,0,0,1999,MCTSAgent,true,20,1.0
1421269639,234,MCTSAgent,2015/01/14 22:07:19,portals,4,0,0,41,MCTSAgent,true,20,1.0
1421269639,235,MCTSAgent,2015/01/14 22:07:19,sokoban,0,0,0,2000,MCTSAgent,true,20,1.0
1421269639,236,MCTSAgent,2015/01/14 22:07:19,sokoban,1,0,2,2000,MCTSAgent,true,20,1.0
1421269639,237,MCTSAgent,2015/01/14 22:07:19,sokoban,2,1,3,58,MCTSAgent,true,20,1.0
1421269639,238,MCTSAgent,2015/01/14 22:07:19,sokoban,3,0,2,2000,MCTSAgent,true,20,1.0
1421269639,239,MCTSAgent,2015/01/14 22:07:19,sokoban,4,1,2,9,MCTSAgent,true,20,1.0
1421269639,240,MCTSAgent,2015/01/14 22:07:19,survivezombies,0,1,31,1000,MCTSAgent,true,20,1.0
1421269639,241,MCTSAgent,2015/01/14 22:07:19,survivezombies,1,0,41,804,MCTSAgent,true,20,1.0
1421269639,242,MCTSAgent,2015/01/14 22:07:19,survivezombies,2,0,16,300,MCTSAgent,true,20,1.0
1421269639,243,MCTSAgent,2015/01/14 22:07:19,survivezombies,3,0,5,50,MCTSAgent,true,20,1.0
1421269639,244,MCTSAgent,2015/01/14 22:07:19,survivezombies,4,0,2,182,MCTSAgent,true,20,1.0
1421269639,245,MCTSAgent,2015/01/14 22:07:19,zelda,0,1,6,623,MCTSAgent,true,20,1.0
1421269639,246,MCTSAgent,2015/01/14 22:07:19,zelda,1,0,-1,343,MCTSAgent,true,20,1.0
1421269639,247,MCTSAgent,2015/01/14 22:07:19,zelda,2,0,-1,113,MCTSAgent,true,20,1.0
1421269639,248,MCTSAgent,2015/01/14 22:07:19,zelda,3,0,4,2000,MCTSAgent,true,20,1.0
1421269639,249,MCTSAgent,2015/01/14 22:07:19,zelda,4,0,2,195,MCTSAgent,true,20,1.0
1421269639,250,MCTSAgent,2015/01/14 22:07:19,camelRace,0,0,-1,78,MCTSAgent,true,20,1.0
1421269639,251,MCTSAgent,2015/01/14 22:07:19,camelRace,1,0,-1,78,MCTSAgent,true,20,1.0
1421269639,252,MCTSAgent,2015/01/14 22:07:19,camelRace,2,0,-1,78,MCTSAgent,true,20,1.0
1421269639,253,MCTSAgent,2015/01/14 22:07:19,camelRace,3,0,0,2000,MCTSAgent,true,20,1.0
1421269639,254,MCTSAgent,2015/01/14 22:07:19,camelRace,4,0,-1,176,MCTSAgent,true,20,1.0
1421269639,255,MCTSAgent,2015/01/14 22:07:19,digdug,0,0,40,2000,MCTSAgent,true,20,1.0
1421269639,256,MCTSAgent,2015/01/14 22:07:19,digdug,1,0,28,2000,MCTSAgent,true,20,1.0
1421269639,257,MCTSAgent,2015/01/14 22:07:19,digdug,2,0,50,2000,MCTSAgent,true,20,1.0
1421269639,258,MCTSAgent,2015/01/14 22:07:19,digdug,3,0,12,2000,MCTSAgent,true,20,1.0
1421269639,259,MCTSAgent,2015/01/14 22:07:19,digdug,4,0,20,2000,MCTSAgent,true,20,1.0
1421269639,260,MCTSAgent,2015/01/14 22:07:19,firestorms,0,0,-2,132,MCTSAgent,true,20,1.0
1421269639,261,MCTSAgent,2015/01/14 22:07:19,firestorms,1,0,-3,2000,MCTSAgent,true,20,1.0
1421269639,262,MCTSAgent,2015/01/14 22:07:19,firestorms,2,0,-4,255,MCTSAgent,true,20,1.0
1421269639,263,MCTSAgent,2015/01/14 22:07:19,firestorms,3,0,-1,14,MCTSAgent,true,20,1.0
1421269639,264,MCTSAgent,2015/01/14 22:07:19,firestorms,4,0,0,2000,MCTSAgent,true,20,1.0
1421269639,265,MCTSAgent,2015/01/14 22:07:19,infection,0,1,166,789,MCTSAgent,true,20,1.0
1421269639,266,MCTSAgent,2015/01/14 22:07:19,infection,1,1,63,823,MCTSAgent,true,20,1.0
1421269639,267,MCTSAgent,2015/01/14 22:07:19,infection,2,0,18,2000,MCTSAgent,true,20,1.0
1421269639,268,MCTSAgent,2015/01/14 22:07:19,infection,3,1,4,170,MCTSAgent,true,20,1.0
1421269639,269,MCTSAgent,2015/01/14 22:07:19,infection,4,1,8,165,MCTSAgent,true,20,1.0
1421269639,270,MCTSAgent,2015/01/14 22:07:19,firecaster,0,0,16,2000,MCTSAgent,true,20,1.0
1421269639,271,MCTSAgent,2015/01/14 22:07:19,firecaster,1,0,12,2000,MCTSAgent,true,20,1.0
1421269639,272,MCTSAgent,2015/01/14 22:07:19,firecaster,2,0,5,2000,MCTSAgent,true,20,1.0
1421269639,273,MCTSAgent,2015/01/14 22:07:19,firecaster,3,0,25,2000,MCTSAgent,true,20,1.0
1421269639,274,MCTSAgent,2015/01/14 22:07:19,firecaster,4,0,8,2000,MCTSAgent,true,20,1.0
1421269639,275,MCTSAgent,2015/01/14 22:07:19,overload,0,0,19,2000,MCTSAgent,true,20,1.0
1421269639,276,MCTSAgent,2015/01/14 22:07:19,overload,1,0,13,2000,MCTSAgent,true,20,1.0
1421269639,277,MCTSAgent,2015/01/14 22:07:19,overload,2,1,29,271,MCTSAgent,true,20,1.0
1421269639,278,MCTSAgent,2015/01/14 22:07:19,overload,3,0,14,1999,MCTSAgent,true,20,1.0
1421269639,279,MCTSAgent,2015/01/14 22:07:19,overload,4,0,40,2000,MCTSAgent,true,20,1.0
1421269639,280,MCTSAgent,2015/01/14 22:07:19,pacman,0,0,269,2000,MCTSAgent,true,20,1.0
1421269639,281,MCTSAgent,2015/01/14 22:07:19,pacman,1,0,331,2000,MCTSAgent,true,20,1.0
1421269639,282,MCTSAgent,2015/01/14 22:07:19,pacman,2,0,276,2000,MCTSAgent,true,20,1.0
1421269639,283,MCTSAgent,2015/01/14 22:07:19,pacman,3,0,69,1676,MCTSAgent,true,20,1.0
1421269639,284,MCTSAgent,2015/01/14 22:07:19,pacman,4,0,148,2000,MCTSAgent,true,20,1.0
1421269639,285,MCTSAgent,2015/01/14 22:07:19,seaquest,0,0,1074,1893,MCTSAgent,true,20,1.0
1421269639,286,MCTSAgent,2015/01/14 22:07:19,seaquest,1,0,1096,2000,MCTSAgent,true,20,1.0
1421269639,287,MCTSAgent,2015/01/14 22:07:19,seaquest,2,0,3061,1278,MCTSAgent,true,20,1.0
1421269639,288,MCTSAgent,2015/01/14 22:07:19,seaquest,3,0,7121,1749,MCTSAgent,true,20,1.0
1421269639,289,MCTSAgent,2015/01/14 22:07:19,seaquest,4,0,10089,2000,MCTSAgent,true,20,1.0
1421269639,290,MCTSAgent,2015/01/14 22:07:19,whackamole,0,1,1,500,MCTSAgent,true,20,1.0
1421269639,291,MCTSAgent,2015/01/14 22:07:19,whackamole,1,1,20,500,MCTSAgent,true,20,1.0
1421269639,292,MCTSAgent,2015/01/14 22:07:19,whackamole,2,0,9,217,MCTSAgent,true,20,1.0
1421269639,293,MCTSAgent,2015/01/14 22:07:19,whackamole,3,1,27,500,MCTSAgent,true,20,1.0
1421269639,294,MCTSAgent,2015/01/14 22:07:19,whackamole,4,1,5,500,MCTSAgent,true,20,1.0
1421269639,295,MCTSAgent,2015/01/14 22:07:19,eggomania,0,1,106,266,MCTSAgent,true,20,1.0
1421269639,296,MCTSAgent,2015/01/14 22:07:19,eggomania,1,0,0,83,MCTSAgent,true,20,1.0
1421269639,297,MCTSAgent,2015/01/14 22:07:19,eggomania,2,1,126,399,MCTSAgent,true,20,1.0
1421269639,298,MCTSAgent,2015/01/14 22:07:19,eggomania,3,1,106,216,MCTSAgent,true,20,1.0
1421269639,299,MCTSAgent,2015/01/14 22:07:19,eggomania,4,0,2,119,MCTSAgent,true,20,1.0
1421269639,300,MCTSAgent,2015/01/14 22:07:19,aliens,0,1,68,381,MCTSAgent,true,20,1.0
1421269639,301,MCTSAgent,2015/01/14 22:07:19,aliens,1,1,79,439,MCTSAgent,true,20,1.0
1421269639,302,MCTSAgent,2015/01/14 22:07:19,aliens,2,1,73,327,MCTSAgent,true,20,1.0
1421269639,303,MCTSAgent,2015/01/14 22:07:19,aliens,3,1,46,476,MCTSAgent,true,20,1.0
1421269639,304,MCTSAgent,2015/01/14 22:07:19,aliens,4,1,60,362,MCTSAgent,true,20,1.0
1421269639,305,MCTSAgent,2015/01/14 22:07:19,boulderdash,0,0,7,352,MCTSAgent,true,20,1.0
1421269639,306,MCTSAgent,2015/01/14 22:07:19,boulderdash,1,0,-1,74,MCTSAgent,true,20,1.0
1421269639,307,MCTSAgent,2015/01/14 22:07:19,boulderdash,2,0,9,191,MCTSAgent,true,20,1.0
1421269639,308,MCTSAgent,2015/01/14 22:07:19,boulderdash,3,0,7,145,MCTSAgent,true,20,1.0
1421269639,309,MCTSAgent,2015/01/14 22:07:19,boulderdash,4,1,18,153,MCTSAgent,true,20,1.0
1421269639,310,MCTSAgent,2015/01/14 22:07:19,butterflies,0,1,52,335,MCTSAgent,true,20,1.0
1421269639,311,MCTSAgent,2015/01/14 22:07:19,butterflies,1,1,30,147,MCTSAgent,true,20,1.0
1421269639,312,MCTSAgent,2015/01/14 22:07:19,butterflies,2,1,38,122,MCTSAgent,true,20,1.0
1421269639,313,MCTSAgent,2015/01/14 22:07:19,butterflies,3,1,20,61,MCTSAgent,true,20,1.0
1421269639,314,MCTSAgent,2015/01/14 22:07:19,butterflies,4,1,14,82,MCTSAgent,true,20,1.0
1421269639,315,MCTSAgent,2015/01/14 22:07:19,chase,0,0,5,2000,MCTSAgent,true,20,1.0
1421269639,316,MCTSAgent,2015/01/14 22:07:19,chase,1,1,8,1969,MCTSAgent,true,20,1.0
1421269639,317,MCTSAgent,2015/01/14 22:07:19,chase,2,1,15,798,MCTSAgent,true,20,1.0
1421269639,318,MCTSAgent,2015/01/14 22:07:19,chase,3,1,8,782,MCTSAgent,true,20,1.0
1421269639,319,MCTSAgent,2015/01/14 22:07:19,chase,4,1,12,1680,MCTSAgent,true,20,1.0
1421269639,320,MCTSAgent,2015/01/14 22:07:19,frogs,0,0,-2,17,MCTSAgent,true,20,1.0
1421269639,321,MCTSAgent,2015/01/14 22:07:19,frogs,1,0,-2,12,MCTSAgent,true,20,1.0
1421269639,322,MCTSAgent,2015/01/14 22:07:19,frogs,2,0,-2,24,MCTSAgent,true,20,1.0
1421269639,323,MCTSAgent,2015/01/14 22:07:19,frogs,3,0,-2,0,MCTSAgent,true,20,1.0
1421269639,324,MCTSAgent,2015/01/14 22:07:19,frogs,4,0,0,8,MCTSAgent,true,20,1.0
1421269639,325,MCTSAgent,2015/01/14 22:07:19,missilecommand,0,1,5,110,MCTSAgent,true,20,1.0
1421269639,326,MCTSAgent,2015/01/14 22:07:19,missilecommand,1,1,16,72,MCTSAgent,true,20,1.0
1421269639,327,MCTSAgent,2015/01/14 22:07:19,missilecommand,2,1,5,86,MCTSAgent,true,20,1.0
1421269639,328,MCTSAgent,2015/01/14 22:07:19,missilecommand,3,1,8,110,MCTSAgent,true,20,1.0
1421269639,329,MCTSAgent,2015/01/14 22:07:19,missilecommand,4,0,2,279,MCTSAgent,true,20,1.0
1421269639,330,MCTSAgent,2015/01/14 22:07:19,portals,0,0,0,2000,MCTSAgent,true,20,1.0
1421269639,331,MCTSAgent,2015/01/14 22:07:19,portals,1,0,0,2000,MCTSAgent,true,20,1.0
1421269639,332,MCTSAgent,2015/01/14 22:07:19,portals,2,0,0,2000,MCTSAgent,true,20,1.0
1421269639,333,MCTSAgent,2015/01/14 22:07:19,portals,3,0,0,2000,MCTSAgent,true,20,1.0
1421269639,334,MCTSAgent,2015/01/14 22:07:19,portals,4,0,0,17,MCTSAgent,true,20,1.0
1421269639,335,MCTSAgent,2015/01/14 22:07:19,sokoban,0,0,1,2000,MCTSAgent,true,20,1.0
1421269639,336,MCTSAgent,2015/01/14 22:07:19,sokoban,1,0,2,2000,MCTSAgent,true,20,1.0
1421269639,337,MCTSAgent,2015/01/14 22:07:19,sokoban,2,1,3,81,MCTSAgent,true,20,1.0
1421269639,338,MCTSAgent,2015/01/14 22:07:19,sokoban,3,0,1,2000,MCTSAgent,true,20,1.0
1421269639,339,MCTSAgent,2015/01/14 22:07:19,sokoban,4,1,2,7,MCTSAgent,true,20,1.0
1421269639,340,MCTSAgent,2015/01/14 22:07:19,survivezombies,0,1,34,1000,MCTSAgent,true,20,1.0
1421269639,341,MCTSAgent,2015/01/14 22:07:19,survivezombies,1,1,55,1000,MCTSAgent,true,20,1.0
1421269639,342,MCTSAgent,2015/01/14 22:07:19,survivezombies,2,1,39,1000,MCTSAgent,true,20,1.0
1421269639,343,MCTSAgent,2015/01/14 22:07:19,survivezombies,3,0,6,169,MCTSAgent,true,20,1.0
1421269639,344,MCTSAgent,2015/01/14 22:07:19,survivezombies,4,0,5,333,MCTSAgent,true,20,1.0
1421269639,345,MCTSAgent,2015/01/14 22:07:19,zelda,0,0,7,2000,MCTSAgent,true,20,1.0
1421269639,346,MCTSAgent,2015/01/14 22:07:19,zelda,1,0,1,157,MCTSAgent,true,20,1.0
1421269639,347,MCTSAgent,2015/01/14 22:07:19,zelda,2,0,-1,259,MCTSAgent,true,20,1.0
1421269639,348,MCTSAgent,2015/01/14 22:07:19,zelda,3,0,4,804,MCTSAgent,true,20,1.0
1421269639,349,MCTSAgent,2015/01/14 22:07:19,zelda,4,1,6,486,MCTSAgent,true,20,1.0
1421269639,350,MCTSAgent,2015/01/14 22:07:19,camelRace,0,0,-1,78,MCTSAgent,true,20,1.0
1421269639,351,MCTSAgent,2015/01/14 22:07:19,camelRace,1,0,-1,78,MCTSAgent,true,20,1.0
1421269639,352,MCTSAgent,2015/01/14 22:07:19,camelRace,2,0,-1,78,MCTSAgent,true,20,1.0
1421269639,353,MCTSAgent,2015/01/14 22:07:19,camelRace,3,0,0,2000,MCTSAgent,true,20,1.0
1421269639,354,MCTSAgent,2015/01/14 22:07:19,camelRace,4,0,-1,176,MCTSAgent,true,20,1.0
1421269639,355,MCTSAgent,2015/01/14 22:07:19,digdug,0,0,25,2000,MCTSAgent,true,20,1.0
1421269639,356,MCTSAgent,2015/01/14 22:07:19,digdug,1,0,26,2000,MCTSAgent,true,20,1.0
1421269639,357,MCTSAgent,2015/01/14 22:07:19,digdug,2,0,49,2000,MCTSAgent,true,20,1.0
1421269639,358,MCTSAgent,2015/01/14 22:07:19,digdug,3,0,14,2000,MCTSAgent,true,20,1.0
1421269639,359,MCTSAgent,2015/01/14 22:07:19,digdug,4,0,20,2000,MCTSAgent,true,20,1.0
1421269639,360,MCTSAgent,2015/01/14 22:07:19,firestorms,0,0,-2,622,MCTSAgent,true,20,1.0
1421269639,361,MCTSAgent,2015/01/14 22:07:19,firestorms,1,0,-2,119,MCTSAgent,true,20,1.0
1421269639,362,MCTSAgent,2015/01/14 22:07:19,firestorms,2,0,-3,2000,MCTSAgent,true,20,1.0
1421269639,363,MCTSAgent,2015/01/14 22:07:19,firestorms,3,0,-1,23,MCTSAgent,true,20,1.0
1421269639,364,MCTSAgent,2015/01/14 22:07:19,firestorms,4,0,0,2000,MCTSAgent,true,20,1.0
1421269639,365,MCTSAgent,2015/01/14 22:07:19,infection,0,1,65,611,MCTSAgent,true,20,1.0
1421269639,366,MCTSAgent,2015/01/14 22:07:19,infection,1,1,90,637,MCTSAgent,true,20,1.0
1421269639,367,MCTSAgent,2015/01/14 22:07:19,infection,2,1,58,1904,MCTSAgent,true,20,1.0
1421269639,368,MCTSAgent,2015/01/14 22:07:19,infection,3,1,2,122,MCTSAgent,true,20,1.0
1421269639,369,MCTSAgent,2015/01/14 22:07:19,infection,4,1,20,186,MCTSAgent,true,20,1.0
1421269639,370,MCTSAgent,2015/01/14 22:07:19,firecaster,0,0,12,2000,MCTSAgent,true,20,1.0
1421269639,371,MCTSAgent,2015/01/14 22:07:19,firecaster,1,0,16,2000,MCTSAgent,true,20,1.0
1421269639,372,MCTSAgent,2015/01/14 22:07:19,firecaster,2,0,6,2000,MCTSAgent,true,20,1.0
1421269639,373,MCTSAgent,2015/01/14 22:07:19,firecaster,3,0,27,2000,MCTSAgent,true,20,1.0
1421269639,374,MCTSAgent,2015/01/14 22:07:19,firecaster,4,0,4,2000,MCTSAgent,true,20,1.0
1421269639,375,MCTSAgent,2015/01/14 22:07:19,overload,0,0,18,2000,MCTSAgent,true,20,1.0
1421269639,376,MCTSAgent,2015/01/14 22:07:19,overload,1,0,13,2000,MCTSAgent,true,20,1.0
1421269639,377,MCTSAgent,2015/01/14 22:07:19,overload,2,0,14,2000,MCTSAgent,true,20,1.0
1421269639,378,MCTSAgent,2015/01/14 22:07:19,overload,3,0,13,2000,MCTSAgent,true,20,1.0
1421269639,379,MCTSAgent,2015/01/14 22:07:19,overload,4,0,42,2000,MCTSAgent,true,20,1.0
1421269639,380,MCTSAgent,2015/01/14 22:07:19,pacman,0,0,307,2000,MCTSAgent,true,20,1.0
1421269639,381,MCTSAgent,2015/01/14 22:07:19,pacman,1,0,287,2000,MCTSAgent,true,20,1.0
1421269639,382,MCTSAgent,2015/01/14 22:07:19,pacman,2,0,280,2000,MCTSAgent,true,20,1.0
1421269639,383,MCTSAgent,2015/01/14 22:07:19,pacman,3,0,120,2000,MCTSAgent,true,20,1.0
1421269639,384,MCTSAgent,2015/01/14 22:07:19,pacman,4,0,211,2000,MCTSAgent,true,20,1.0
1421269639,385,MCTSAgent,2015/01/14 22:07:19,seaquest,0,0,1093,2000,MCTSAgent,true,20,1.0
1421269639,386,MCTSAgent,2015/01/14 22:07:19,seaquest,1,0,103,2000,MCTSAgent,true,20,1.0
1421269639,387,MCTSAgent,2015/01/14 22:07:19,seaquest,2,0,8062,2000,MCTSAgent,true,20,1.0
1421269639,388,MCTSAgent,2015/01/14 22:07:19,seaquest,3,0,1026,451,MCTSAgent,true,20,1.0
1421269639,389,MCTSAgent,2015/01/14 22:07:19,seaquest,4,0,14084,2000,MCTSAgent,true,20,1.0
1421269639,390,MCTSAgent,2015/01/14 22:07:19,whackamole,0,1,5,500,MCTSAgent,true,20,1.0
1421269639,391,MCTSAgent,2015/01/14 22:07:19,whackamole,1,1,15,500,MCTSAgent,true,20,1.0
1421269639,392,MCTSAgent,2015/01/14 22:07:19,whackamole,2,1,15,500,MCTSAgent,true,20,1.0
1421269639,393,MCTSAgent,2015/01/14 22:07:19,whackamole,3,1,28,500,MCTSAgent,true,20,1.0
1421269639,394,MCTSAgent,2015/01/14 22:07:19,whackamole,4,0,-3,114,MCTSAgent,true,20,1.0
1421269639,395,MCTSAgent,2015/01/14 22:07:19,eggomania,0,0,3,259,MCTSAgent,true,20,1.0
1421269639,396,MCTSAgent,2015/01/14 22:07:19,eggomania,1,1,141,831,MCTSAgent,true,20,1.0
1421269639,397,MCTSAgent,2015/01/14 22:07:19,eggomania,2,0,0,47,MCTSAgent,true,20,1.0
1421269639,398,MCTSAgent,2015/01/14 22:07:19,eggomania,3,0,1,219,MCTSAgent,true,20,1.0
1421269639,399,MCTSAgent,2015/01/14 22:07:19,eggomania,4,0,0,63,MCTSAgent,true,20,1.0
1421269639,400,MCTSAgent,2015/01/14 22:07:19,aliens,0,1,82,492,MCTSAgent,true,20,1.0
1421269639,401,MCTSAgent,2015/01/14 22:07:19,aliens,1,1,67,385,MCTSAgent,true,20,1.0
1421269639,402,MCTSAgent,2015/01/14 22:07:19,aliens,2,1,79,453,MCTSAgent,true,20,1.0
1421269639,403,MCTSAgent,2015/01/14 22:07:19,aliens,3,1,40,367,MCTSAgent,true,20,1.0
1421269639,404,MCTSAgent,2015/01/14 22:07:19,aliens,4,1,63,398,MCTSAgent,true,20,1.0
1421269639,405,MCTSAgent,2015/01/14 22:07:19,boulderdash,0,1,30,1382,MCTSAgent,true,20,1.0
1421269639,406,MCTSAgent,2015/01/14 22:07:19,boulderdash,1,0,7,96,MCTSAgent,true,20,1.0
1421269639,407,MCTSAgent,2015/01/14 22:07:19,boulderdash,2,1,26,745,MCTSAgent,true,20,1.0
1421269639,408,MCTSAgent,2015/01/14 22:07:19,boulderdash,3,0,7,171,MCTSAgent,true,20,1.0
1421269639,409,MCTSAgent,2015/01/14 22:07:19,boulderdash,4,1,20,635,MCTSAgent,true,20,1.0
1421269639,410,MCTSAgent,2015/01/14 22:07:19,butterflies,0,1,12,64,MCTSAgent,true,20,1.0
1421269639,411,MCTSAgent,2015/01/14 22:07:19,butterflies,1,1,30,112,MCTSAgent,true,20,1.0
1421269639,412,MCTSAgent,2015/01/14 22:07:19,butterflies,2,1,50,141,MCTSAgent,true,20,1.0
1421269639,413,MCTSAgent,2015/01/14 22:07:19,butterflies,3,1,24,83,MCTSAgent,true,20,1.0
1421269639,414,MCTSAgent,2015/01/14 22:07:19,butterflies,4,1,14,35,MCTSAgent,true,20,1.0
1421269639,415,MCTSAgent,2015/01/14 22:07:19,chase,0,1,7,429,MCTSAgent,true,20,1.0
1421269639,416,MCTSAgent,2015/01/14 22:07:19,chase,1,0,6,2000,MCTSAgent,true,20,1.0
1421269639,417,MCTSAgent,2015/01/14 22:07:19,chase,2,1,15,1207,MCTSAgent,true,20,1.0
1421269639,418,MCTSAgent,2015/01/14 22:07:19,chase,3,1,8,1210,MCTSAgent,true,20,1.0
1421269639,419,MCTSAgent,2015/01/14 22:07:19,chase,4,1,11,224,MCTSAgent,true,20,1.0
1421269639,420,MCTSAgent,2015/01/14 22:07:19,frogs,0,0,-2,23,MCTSAgent,true,20,1.0
1421269639,421,MCTSAgent,2015/01/14 22:07:19,frogs,1,0,-2,62,MCTSAgent,true,20,1.0
1421269639,422,MCTSAgent,2015/01/14 22:07:19,frogs,2,0,-2,6,MCTSAgent,true,20,1.0
1421269639,423,MCTSAgent,2015/01/14 22:07:19,frogs,3,0,-2,12,MCTSAgent,true,20,1.0
1421269639,424,MCTSAgent,2015/01/14 22:07:19,frogs,4,0,0,2,MCTSAgent,true,20,1.0
1421269639,425,MCTSAgent,2015/01/14 22:07:19,missilecommand,0,1,2,209,MCTSAgent,true,20,1.0
1421269639,426,MCTSAgent,2015/01/14 22:07:19,missilecommand,1,1,16,94,MCTSAgent,true,20,1.0
1421269639,427,MCTSAgent,2015/01/14 22:07:19,missilecommand,2,1,5,74,MCTSAgent,true,20,1.0
1421269639,428,MCTSAgent,2015/01/14 22:07:19,missilecommand,3,1,11,106,MCTSAgent,true,20,1.0
1421269639,429,MCTSAgent,2015/01/14 22:07:19,missilecommand,4,0,2,275,MCTSAgent,true,20,1.0
1421269639,430,MCTSAgent,2015/01/14 22:07:19,portals,0,0,0,2000,MCTSAgent,true,20,1.0
1421269639,431,MCTSAgent,2015/01/14 22:07:19,portals,1,0,0,1990,MCTSAgent,true,20,1.0
1421269639,432,MCTSAgent,2015/01/14 22:07:19,portals,2,0,0,2000,MCTSAgent,true,20,1.0
1421269639,433,MCTSAgent,2015/01/14 22:07:19,portals,3,0,0,2000,MCTSAgent,true,20,1.0
1421269639,434,MCTSAgent,2015/01/14 22:07:19,portals,4,0,0,48,MCTSAgent,true,20,1.0
1421269639,435,MCTSAgent,2015/01/14 22:07:19,sokoban,0,0,0,2000,MCTSAgent,true,20,1.0
1421269639,436,MCTSAgent,2015/01/14 22:07:19,sokoban,1,0,2,2000,MCTSAgent,true,20,1.0
1421269639,437,MCTSAgent,2015/01/14 22:07:19,sokoban,2,1,3,136,MCTSAgent,true,20,1.0
1421269639,438,MCTSAgent,2015/01/14 22:07:19,sokoban,3,0,2,2000,MCTSAgent,true,20,1.0
1421269639,439,MCTSAgent,2015/01/14 22:07:19,sokoban,4,1,2,11,MCTSAgent,true,20,1.0
1421269639,440,MCTSAgent,2015/01/14 22:07:19,survivezombies,0,1,28,1000,MCTSAgent,true,20,1.0
1421269639,441,MCTSAgent,2015/01/14 22:07:19,survivezombies,1,1,46,1000,MCTSAgent,true,20,1.0
1421269639,442,MCTSAgent,2015/01/14 22:07:19,survivezombies,2,0,16,312,MCTSAgent,true,20,1.0
1421269639,443,MCTSAgent,2015/01/14 22:07:19,survivezombies,3,0,8,354,MCTSAgent,true,20,1.0
1421269639,444,MCTSAgent,2015/01/14 22:07:19,survivezombies,4,0,7,187,MCTSAgent,true,20,1.0
1421269639,445,MCTSAgent,2015/01/14 22:07:19,zelda,0,1,2,1776,MCTSAgent,true,20,1.0
1421269639,446,MCTSAgent,2015/01/14 22:07:19,zelda,1,0,2,2000,MCTSAgent,true,20,1.0
1421269639,447,MCTSAgent,2015/01/14 22:07:19,zelda,2,0,2,2000,MCTSAgent,true,20,1.0
1421269639,448,MCTSAgent,2015/01/14 22:07:19,zelda,3,0,-1,79,MCTSAgent,true,20,1.0
1421269639,449,MCTSAgent,2015/01/14 22:07:19,zelda,4,0,0,96,MCTSAgent,true,20,1.0
1421269639,450,MCTSAgent,2015/01/14 22:07:19,camelRace,0,0,-1,78,MCTSAgent,true,20,1.0
1421269639,451,MCTSAgent,2015/01/14 22:07:19,camelRace,1,0,-1,78,MCTSAgent,true,20,1.0
1421269639,452,MCTSAgent,2015/01/14 22:07:19,camelRace,2,0,-1,78,MCTSAgent,true,20,1.0
1421269639,453,MCTSAgent,2015/01/14 22:07:19,camelRace,3,0,0,2000,MCTSAgent,true,20,1.0
1421269639,454,MCTSAgent,2015/01/14 22:07:19,camelRace,4,0,-1,176,MCTSAgent,true,20,1.0
1421269639,455,MCTSAgent,2015/01/14 22:07:19,digdug,0,0,30,1986,MCTSAgent,true,20,1.0
1421269639,456,MCTSAgent,2015/01/14 22:07:19,digdug,1,0,29,2000,MCTSAgent,true,20,1.0
1421269639,457,MCTSAgent,2015/01/14 22:07:19,digdug,2,0,43,2000,MCTSAgent,true,20,1.0
1421269639,458,MCTSAgent,2015/01/14 22:07:19,digdug,3,0,3,2000,MCTSAgent,true,20,1.0
1421269639,459,MCTSAgent,2015/01/14 22:07:19,digdug,4,0,45,2000,MCTSAgent,true,20,1.0
1421269639,460,MCTSAgent,2015/01/14 22:07:19,firestorms,0,0,-2,1579,MCTSAgent,true,20,1.0
1421269639,461,MCTSAgent,2015/01/14 22:07:19,firestorms,1,0,-2,52,MCTSAgent,true,20,1.0
1421269639,462,MCTSAgent,2015/01/14 22:07:19,firestorms,2,0,-4,2000,MCTSAgent,true,20,1.0
1421269639,463,MCTSAgent,2015/01/14 22:07:19,firestorms,3,0,-2,27,MCTSAgent,true,20,1.0
1421269639,464,MCTSAgent,2015/01/14 22:07:19,firestorms,4,0,0,2000,MCTSAgent,true,20,1.0
1421269639,465,MCTSAgent,2015/01/14 22:07:19,infection,0,1,119,1189,MCTSAgent,true,20,1.0
1421269639,466,MCTSAgent,2015/01/14 22:07:19,infection,1,1,25,241,MCTSAgent,true,20,1.0
1421269639,467,MCTSAgent,2015/01/14 22:07:19,infection,2,1,48,1738,MCTSAgent,true,20,1.0
1421269639,468,MCTSAgent,2015/01/14 22:07:19,infection,3,1,1,104,MCTSAgent,true,20,1.0
1421269639,469,MCTSAgent,2015/01/14 22:07:19,infection,4,1,36,727,MCTSAgent,true,20,1.0
1421269639,470,MCTSAgent,2015/01/14 22:07:19,firecaster,0,0,20,2000,MCTSAgent,true,20,1.0
1421269639,471,MCTSAgent,2015/01/14 22:07:19,firecaster,1,0,24,2000,MCTSAgent,true,20,1.0
1421269639,472,MCTSAgent,2015/01/14 22:07:19,firecaster,2,0,4,2000,MCTSAgent,true,20,1.0
1421269639,473,MCTSAgent,2015/01/14 22:07:19,firecaster,3,0,8,2000,MCTSAgent,true,20,1.0
1421269639,474,MCTSAgent,2015/01/14 22:07:19,firecaster,4,0,4,2000,MCTSAgent,true,20,1.0
1421269639,475,MCTSAgent,2015/01/14 22:07:19,overload,0,0,18,2000,MCTSAgent,true,20,1.0
1421269639,476,MCTSAgent,2015/01/14 22:07:19,overload,1,0,13,2000,MCTSAgent,true,20,1.0
1421269639,477,MCTSAgent,2015/01/14 22:07:19,overload,2,0,14,2000,MCTSAgent,true,20,1.0
1421269639,478,MCTSAgent,2015/01/14 22:07:19,overload,3,0,29,2000,MCTSAgent,true,20,1.0
1421269639,479,MCTSAgent,2015/01/14 22:07:19,overload,4,0,44,2000,MCTSAgent,true,20,1.0
1421269639,480,MCTSAgent,2015/01/14 22:07:19,pacman,0,0,237,1147,MCTSAgent,true,20,1.0
1421269639,481,MCTSAgent,2015/01/14 22:07:19,pacman,1,0,324,2000,MCTSAgent,true,20,1.0
1421269639,482,MCTSAgent,2015/01/14 22:07:19,pacman,2,0,264,1049,MCTSAgent,true,20,1.0
1421269639,483,MCTSAgent,2015/01/14 22:07:19,pacman,3,0,66,2000,MCTSAgent,true,20,1.0
1421269639,484,MCTSAgent,2015/01/14 22:07:19,pacman,4,0,115,2000,MCTSAgent,true,20,1.0
1421269639,485,MCTSAgent,2015/01/14 22:07:19,seaquest,0,0,1091,2000,MCTSAgent,true,20,1.0
1421269639,486,MCTSAgent,2015/01/14 22:07:19,seaquest,1,0,2093,2000,MCTSAgent,true,20,1.0
1421269639,487,MCTSAgent,2015/01/14 22:07:19,seaquest,2,0,8088,2000,MCTSAgent,true,20,1.0
1421269639,488,MCTSAgent,2015/01/14 22:07:19,seaquest,3,0,9126,2000,MCTSAgent,true,20,1.0
1421269639,489,MCTSAgent,2015/01/14 22:07:19,seaquest,4,0,12094,2000,MCTSAgent,true,20,1.0
1421269639,490,MCTSAgent,2015/01/14 22:07:19,whackamole,0,1,12,500,MCTSAgent,true,20,1.0
1421269639,491,MCTSAgent,2015/01/14 22:07:19,whackamole,1,0,13,388,MCTSAgent,true,20,1.0
1421269639,492,MCTSAgent,2015/01/14 22:07:19,whackamole,2,1,21,500,MCTSAgent,true,20,1.0
1421269639,493,MCTSAgent,2015/01/14 22:07:19,whackamole,3,1,32,500,MCTSAgent,true,20,1.0
1421269639,494,MCTSAgent,2015/01/14 22:07:19,whackamole,4,1,4,500,MCTSAgent,true,20,1.0
1421269639,495,MCTSAgent,2015/01/14 22:07:19,eggomania,0,1,106,267,MCTSAgent,true,20,1.0
1421269639,496,MCTSAgent,2015/01/14 22:07:19,eggomania,1,1,106,155,MCTSAgent,true,20,1.0
1421269639,497,MCTSAgent,2015/01/14 22:07:19,eggomania,2,0,12,367,MCTSAgent,true,20,1.0
1421269639,498,MCTSAgent,2015/01/14 22:07:19,eggomania,3,1,107,552,MCTSAgent,true,20,1.0
1421269639,499,MCTSAgent,2015/01/14 22:07:19,eggomania,4,0,2,71,MCTSAgent,true,20,1.0
1421269639,500,MCTSAgent,2015/01/14 22:07:19,aliens,0,1,69,367,MCTSAgent,true,20,1.0
1421269639,501,MCTSAgent,2015/01/14 22:07:19,aliens,1,1,66,374,MCTSAgent,true,20,1.0
1421269639,502,MCTSAgent,2015/01/14 22:07:19,aliens,2,1,80,453,MCTSAgent,true,20,1.0
1421269639,503,MCTSAgent,2015/01/14 22:07:19,aliens,3,1,40,367,MCTSAgent,true,20,1.0
1421269639,504,MCTSAgent,2015/01/14 22:07:19,aliens,4,1,64,359,MCTSAgent,true,20,1.0
1421269639,505,MCTSAgent,2015/01/14 22:07:19,boulderdash,0,0,17,612,MCTSAgent,true,20,1.0
1421269639,506,MCTSAgent,2015/01/14 22:07:19,boulderdash,1,1,25,427,MCTSAgent,true,20,1.0
1421269639,507,MCTSAgent,2015/01/14 22:07:19,boulderdash,2,1,28,794,MCTSAgent,true,20,1.0
1421269639,508,MCTSAgent,2015/01/14 22:07:19,boulderdash,3,1,19,812,MCTSAgent,true,20,1.0
1421269639,509,MCTSAgent,2015/01/14 22:07:19,boulderdash,4,1,18,140,MCTSAgent,true,20,1.0
1421269639,510,MCTSAgent,2015/01/14 22:07:19,butterflies,0,1,42,164,MCTSAgent,true,20,1.0
1421269639,511,MCTSAgent,2015/01/14 22:07:19,butterflies,1,1,34,105,MCTSAgent,true,20,1.0
1421269639,512,MCTSAgent,2015/01/14 22:07:19,butterflies,2,1,38,68,MCTSAgent,true,20,1.0
1421269639,513,MCTSAgent,2015/01/14 22:07:19,butterflies,3,1,22,54,MCTSAgent,true,20,1.0
1421269639,514,MCTSAgent,2015/01/14 22:07:19,butterflies,4,1,14,159,MCTSAgent,true,20,1.0
1421269639,515,MCTSAgent,2015/01/14 22:07:19,chase,0,1,7,471,MCTSAgent,true,20,1.0
1421269639,516,MCTSAgent,2015/01/14 22:07:19,chase,1,1,8,424,MCTSAgent,true,20,1.0
1421269639,517,MCTSAgent,2015/01/14 22:07:19,chase,2,0,13,2000,MCTSAgent,true,20,1.0
1421269639,518,MCTSAgent,2015/01/14 22:07:19,chase,3,1,8,1959,MCTSAgent,true,20,1.0
1421269639,519,MCTSAgent,2015/01/14 22:07:19,chase,4,1,11,626,MCTSAgent,true,20,1.0
1421269639,520,MCTSAgent,2015/01/14 22:07:19,frogs,0,0,-2,38,MCTSAgent,true,20,1.0
1421269639,521,MCTSAgent,2015/01/14 22:07:19,frogs,1,0,-2,69,MCTSAgent,true,20,1.0
1421269639,522,MCTSAgent,2015/01/14 22:07:19,frogs,2,0,-2,70,MCTSAgent,true,20,1.0
1421269639,523,MCTSAgent,2015/01/14 22:07:19,frogs,3,0,-2,4,MCTSAgent,true,20,1.0
1421269639,524,MCTSAgent,2015/01/14 22:07:19,frogs,4,0,0,7,MCTSAgent,true,20,1.0
1421269639,525,MCTSAgent,2015/01/14 22:07:19,missilecommand,0,1,2,110,MCTSAgent,true,20,1.0
1421269639,526,MCTSAgent,2015/01/14 22:07:19,missilecommand,1,0,9,99,MCTSAgent,true,20,1.0
1421269639,527,MCTSAgent,2015/01/14 22:07:19,missilecommand,2,1,5,78,MCTSAgent,true,20,1.0
1421269639,528,MCTSAgent,2015/01/14 22:07:19,missilecommand,3,1,8,110,MCTSAgent,true,20,1.0
1421269639,529,MCTSAgent,2015/01/14 22:07:19,missilecommand,4,0,0,110,MCTSAgent,true,20,1.0
1421269639,530,MCTSAgent,2015/01/14 22:07:19,portals,0,0,0,2000,MCTSAgent,true,20,1.0
1421269639,531,MCTSAgent,2015/01/14 22:07:19,portals,1,0,0,2000,MCTSAgent,true,20,1.0
1421269639,532,MCTSAgent,2015/01/14 22:07:19,portals,2,0,0,2000,MCTSAgent,true,20,1.0
1421269639,533,MCTSAgent,2015/01/14 22:07:19,portals,3,0,0,2000,MCTSAgent,true,20,1.0
1421269639,534,MCTSAgent,2015/01/14 22:07:19,portals,4,0,0,37,MCTSAgent,true,20,1.0
1421269639,535,MCTSAgent,2015/01/14 22:07:19,sokoban,0,0,0,2000,MCTSAgent,true,20,1.0
1421269639,536,MCTSAgent,2015/01/14 22:07:19,sokoban,1,0,2,2000,MCTSAgent,true,20,1.0
1421269639,537,MCTSAgent,2015/01/14 22:07:19,sokoban,2,1,3,97,MCTSAgent,true,20,1.0
1421269639,538,MCTSAgent,2015/01/14 22:07:19,sokoban,3,0,1,2000,MCTSAgent,true,20,1.0
1421269639,539,MCTSAgent,2015/01/14 22:07:19,sokoban,4,1,2,8,MCTSAgent,true,20,1.0
1421269639,540,MCTSAgent,2015/01/14 22:07:19,survivezombies,0,1,19,1000,MCTSAgent,true,20,1.0
1421269639,541,MCTSAgent,2015/01/14 22:07:19,survivezombies,1,1,53,1000,MCTSAgent,true,20,1.0
1421269639,542,MCTSAgent,2015/01/14 22:07:19,survivezombies,2,1,38,1000,MCTSAgent,true,20,1.0
1421269639,543,MCTSAgent,2015/01/14 22:07:19,survivezombies,3,0,5,120,MCTSAgent,true,20,1.0
1421269639,544,MCTSAgent,2015/01/14 22:07:19,survivezombies,4,0,2,191,MCTSAgent,true,20,1.0
1421269639,545,MCTSAgent,2015/01/14 22:07:19,zelda,0,1,2,850,MCTSAgent,true,20,1.0
1421269639,546,MCTSAgent,2015/01/14 22:07:19,zelda,1,0,5,2000,MCTSAgent,true,20,1.0
1421269639,547,MCTSAgent,2015/01/14 22:07:19,zelda,2,1,6,1873,MCTSAgent,true,20,1.0
1421269639,548,MCTSAgent,2015/01/14 22:07:19,zelda,3,0,0,193,MCTSAgent,true,20,1.0
1421269639,549,MCTSAgent,2015/01/14 22:07:19,zelda,4,1,6,1237,MCTSAgent,true,20,1.0
1421269639,550,MCTSAgent,2015/01/14 22:07:19,camelRace,0,0,-1,78,MCTSAgent,true,20,1.0
1421269639,551,MCTSAgent,2015/01/14 22:07:19,camelRace,1,0,-1,78,MCTSAgent,true,20,1.0
1421269639,552,MCTSAgent,2015/01/14 22:07:19,camelRace,2,0,-1,78,MCTSAgent,true,20,1.0
1421269639,553,MCTSAgent,2015/01/14 22:07:19,camelRace,3,0,0,2000,MCTSAgent,true,20,1.0
1421269639,554,MCTSAgent,2015/01/14 22:07:19,camelRace,4,0,-1,176,MCTSAgent,true,20,1.0
1421269639,555,MCTSAgent,2015/01/14 22:07:19,digdug,0,0,33,2000,MCTSAgent,true,20,1.0
1421269639,556,MCTSAgent,2015/01/14 22:07:19,digdug,1,0,25,2000,MCTSAgent,true,20,1.0
1421269639,557,MCTSAgent,2015/01/14 22:07:19,digdug,2,0,61,2000,MCTSAgent,true,20,1.0
1421269639,558,MCTSAgent,2015/01/14 22:07:19,digdug,3,0,1,1999,MCTSAgent,true,20,1.0
1421269639,559,MCTSAgent,2015/01/14 22:07:19,digdug,4,0,24,2000,MCTSAgent,true,20,1.0
1421269639,560,MCTSAgent,2015/01/14 22:07:19,firestorms,0,0,-2,544,MCTSAgent,true,20,1.0
1421269639,561,MCTSAgent,2015/01/14 22:07:19,firestorms,1,0,0,2000,MCTSAgent,true,20,1.0
1421269639,562,MCTSAgent,2015/01/14 22:07:19,firestorms,2,0,-2,106,MCTSAgent,true,20,1.0
1421269639,563,MCTSAgent,2015/01/14 22:07:19,firestorms,3,0,-1,31,MCTSAgent,true,20,1.0
1421269639,564,MCTSAgent,2015/01/14 22:07:19,firestorms,4,0,0,2000,MCTSAgent,true,20,1.0
1421269639,565,MCTSAgent,2015/01/14 22:07:19,infection,0,1,81,1072,MCTSAgent,true,20,1.0
1421269639,566,MCTSAgent,2015/01/14 22:07:19,infection,1,1,33,648,MCTSAgent,true,20,1.0
1421269639,567,MCTSAgent,2015/01/14 22:07:19,infection,2,0,16,2000,MCTSAgent,true,20,1.0
1421269639,568,MCTSAgent,2015/01/14 22:07:19,infection,3,1,1,54,MCTSAgent,true,20,1.0
1421269639,569,MCTSAgent,2015/01/14 22:07:19,infection,4,1,6,214,MCTSAgent,true,20,1.0
1421269639,570,MCTSAgent,2015/01/14 22:07:19,firecaster,0,0,12,2000,MCTSAgent,true,20,1.0
1421269639,571,MCTSAgent,2015/01/14 22:07:19,firecaster,1,0,15,2000,MCTSAgent,true,20,1.0
1421269639,572,MCTSAgent,2015/01/14 22:07:19,firecaster,2,0,12,2000,MCTSAgent,true,20,1.0
1421269639,573,MCTSAgent,2015/01/14 22:07:19,firecaster,3,0,7,2000,MCTSAgent,true,20,1.0
1421269639,574,MCTSAgent,2015/01/14 22:07:19,firecaster,4,0,4,2000,MCTSAgent,true,20,1.0
1421269639,575,MCTSAgent,2015/01/14 22:07:19,overload,0,0,20,2000,MCTSAgent,true,20,1.0
1421269639,576,MCTSAgent,2015/01/14 22:07:19,overload,1,1,12,700,MCTSAgent,true,20,1.0
1421269639,577,MCTSAgent,2015/01/14 22:07:19,overload,2,1,28,344,MCTSAgent,true,20,1.0
1421269639,578,MCTSAgent,2015/01/14 22:07:19,overload,3,1,23,356,MCTSAgent,true,20,1.0
1421269639,579,MCTSAgent,2015/01/14 22:07:19,overload,4,0,44,2000,MCTSAgent,true,20,1.0
1421269639,580,MCTSAgent,2015/01/14 22:07:19,pacman,0,0,267,2000,MCTSAgent,true,20,1.0
1421269639,581,MCTSAgent,2015/01/14 22:07:19,pacman,1,0,320,2000,MCTSAgent,true,20,1.0
1421269639,582,MCTSAgent,2015/01/14 22:07:19,pacman,2,0,339,2000,MCTSAgent,true,20,1.0
1421269639,583,MCTSAgent,2015/01/14 22:07:19,pacman,3,0,70,698,MCTSAgent,true,20,1.0
1421269639,584,MCTSAgent,2015/01/14 22:07:19,pacman,4,0,44,741,MCTSAgent,true,20,1.0
1421269639,585,MCTSAgent,2015/01/14 22:07:19,seaquest,0,0,1023,638,MCTSAgent,true,20,1.0
1421269639,586,MCTSAgent,2015/01/14 22:07:19,seaquest,1,0,3127,2000,MCTSAgent,true,20,1.0
1421269639,587,MCTSAgent,2015/01/14 22:07:19,seaquest,2,0,7078,2000,MCTSAgent,true,20,1.0
1421269639,588,MCTSAgent,2015/01/14 22:07:19,seaquest,3,0,7,122,MCTSAgent,true,20,1.0
1421269639,589,MCTSAgent,2015/01/14 22:07:19,seaquest,4,0,15085,2000,MCTSAgent,true,20,1.0
1421269639,590,MCTSAgent,2015/01/14 22:07:19,whackamole,0,1,11,500,MCTSAgent,true,20,1.0
1421269639,591,MCTSAgent,2015/01/14 22:07:19,whackamole,1,1,23,500,MCTSAgent,true,20,1.0
1421269639,592,MCTSAgent,2015/01/14 22:07:19,whackamole,2,1,17,500,MCTSAgent,true,20,1.0
1421269639,593,MCTSAgent,2015/01/14 22:07:19,whackamole,3,1,43,500,MCTSAgent,true,20,1.0
1421269639,594,MCTSAgent,2015/01/14 22:07:19,whackamole,4,1,3,500,MCTSAgent,true,20,1.0
1421269639,595,MCTSAgent,2015/01/14 22:07:19,eggomania,0,0,0,103,MCTSAgent,true,20,1.0
1421269639,596,MCTSAgent,2015/01/14 22:07:19,eggomania,1,0,7,227,MCTSAgent,true,20,1.0
1421269639,597,MCTSAgent,2015/01/14 22:07:19,eggomania,2,0,6,215,MCTSAgent,true,20,1.0
1421269639,598,MCTSAgent,2015/01/14 22:07:19,eggomania,3,1,106,259,MCTSAgent,true,20,1.0
1421269639,599,MCTSAgent,2015/01/14 22:07:19,eggomania,4,0,0,63,MCTSAgent,true,20,1.0
1421269639,600,MCTSAgent,2015/01/14 22:07:19,aliens,0,1,70,394,MCTSAgent,true,20,1.0
1421269639,601,MCTSAgent,2015/01/14 22:07:19,aliens,1,1,69,370,MCTSAgent,true,20,1.0
1421269639,602,MCTSAgent,2015/01/14 22:07:19,aliens,2,1,72,392,MCTSAgent,true,20,1.0
1421269639,603,MCTSAgent,2015/01/14 22:07:19,aliens,3,1,43,425,MCTSAgent,true,20,1.0
1421269639,604,MCTSAgent,2015/01/14 22:07:19,aliens,4,1,64,441,MCTSAgent,true,20,1.0
1421269639,605,MCTSAgent,2015/01/14 22:07:19,boulderdash,0,0,21,1244,MCTSAgent,true,20,1.0
1421269639,606,MCTSAgent,2015/01/14 22:07:19,boulderdash,1,0,3,29,MCTSAgent,true,20,1.0
1421269639,607,MCTSAgent,2015/01/14 22:07:19,boulderdash,2,0,9,216,MCTSAgent,true,20,1.0
1421269639,608,MCTSAgent,2015/01/14 22:07:19,boulderdash,3,0,1,97,MCTSAgent,true,20,1.0
1421269639,609,MCTSAgent,2015/01/14 22:07:19,boulderdash,4,1,18,154,MCTSAgent,true,20,1.0
1421269639,610,MCTSAgent,2015/01/14 22:07:19,butterflies,0,1,20,189,MCTSAgent,true,20,1.0
1421269639,611,MCTSAgent,2015/01/14 22:07:19,butterflies,1,1,32,345,MCTSAgent,true,20,1.0
1421269639,612,MCTSAgent,2015/01/14 22:07:19,butterflies,2,1,50,142,MCTSAgent,true,20,1.0
1421269639,613,MCTSAgent,2015/01/14 22:07:19,butterflies,3,1,20,48,MCTSAgent,true,20,1.0
1421269639,614,MCTSAgent,2015/01/14 22:07:19,butterflies,4,1,14,64,MCTSAgent,true,20,1.0
1421269639,615,MCTSAgent,2015/01/14 22:07:19,chase,0,1,7,775,MCTSAgent,true,20,1.0
1421269639,616,MCTSAgent,2015/01/14 22:07:19,chase,1,1,8,305,MCTSAgent,true,20,1.0
1421269639,617,MCTSAgent,2015/01/14 22:07:19,chase,2,1,15,1858,MCTSAgent,true,20,1.0
1421269639,618,MCTSAgent,2015/01/14 22:07:19,chase,3,1,8,256,MCTSAgent,true,20,1.0
1421269639,619,MCTSAgent,2015/01/14 22:07:19,chase,4,1,12,459,MCTSAgent,true,20,1.0
1421269639,620,MCTSAgent,2015/01/14 22:07:19,frogs,0,0,-2,21,MCTSAgent,true,20,1.0
1421269639,621,MCTSAgent,2015/01/14 22:07:19,frogs,1,0,-2,11,MCTSAgent,true,20,1.0
1421269639,622,MCTSAgent,2015/01/14 22:07:19,frogs,2,0,-2,50,MCTSAgent,true,20,1.0
1421269639,623,MCTSAgent,2015/01/14 22:07:19,frogs,3,0,-2,3,MCTSAgent,true,20,1.0
1421269639,624,MCTSAgent,2015/01/14 22:07:19,frogs,4,0,0,10,MCTSAgent,true,20,1.0
1421269639,625,MCTSAgent,2015/01/14 22:07:19,missilecommand,0,1,8,85,MCTSAgent,true,20,1.0
1421269639,626,MCTSAgent,2015/01/14 22:07:19,missilecommand,1,1,16,71,MCTSAgent,true,20,1.0
1421269639,627,MCTSAgent,2015/01/14 22:07:19,missilecommand,2,1,5,96,MCTSAgent,true,20,1.0
1421269639,628,MCTSAgent,2015/01/14 22:07:19,missilecommand,3,1,5,110,MCTSAgent,true,20,1.0
1421269639,629,MCTSAgent,2015/01/14 22:07:19,missilecommand,4,1,5,110,MCTSAgent,true,20,1.0
1421269639,630,MCTSAgent,2015/01/14 22:07:19,portals,0,0,0,2000,MCTSAgent,true,20,1.0
1421269639,631,MCTSAgent,2015/01/14 22:07:19,portals,1,1,1,115,MCTSAgent,true,20,1.0
1421269639,632,MCTSAgent,2015/01/14 22:07:19,portals,2,0,0,2000,MCTSAgent,true,20,1.0
1421269639,633,MCTSAgent,2015/01/14 22:07:19,portals,3,0,0,2000,MCTSAgent,true,20,1.0
1421269639,634,MCTSAgent,2015/01/14 22:07:19,portals,4,0,0,14,MCTSAgent,true,20,1.0
1421269639,635,MCTSAgent,2015/01/14 22:07:19,sokoban,0,0,0,2000,MCTSAgent,true,20,1.0
1421269639,636,MCTSAgent,2015/01/14 22:07:19,sokoban,1,1,3,192,MCTSAgent,true,20,1.0
1421269639,637,MCTSAgent,2015/01/14 22:07:19,sokoban,2,0,2,2000,MCTSAgent,true,20,1.0
1421269639,638,MCTSAgent,2015/01/14 22:07:19,sokoban,3,0,1,2000,MCTSAgent,true,20,1.0
1421269639,639,MCTSAgent,2015/01/14 22:07:19,sokoban,4,1,2,7,MCTSAgent,true,20,1.0
1421269639,640,MCTSAgent,2015/01/14 22:07:19,survivezombies,0,1,28,1000,MCTSAgent,true,20,1.0
1421269639,641,MCTSAgent,2015/01/14 22:07:19,survivezombies,1,0,11,417,MCTSAgent,true,20,1.0
1421269639,642,MCTSAgent,2015/01/14 22:07:19,survivezombies,2,0,21,395,MCTSAgent,true,20,1.0
1421269639,643,MCTSAgent,2015/01/14 22:07:19,survivezombies,3,0,6,120,MCTSAgent,true,20,1.0
1421269639,644,MCTSAgent,2015/01/14 22:07:19,survivezombies,4,0,2,134,MCTSAgent,true,20,1.0
1421269639,645,MCTSAgent,2015/01/14 22:07:19,zelda,0,1,2,1214,MCTSAgent,true,20,1.0
1421269639,646,MCTSAgent,2015/01/14 22:07:19,zelda,1,0,0,1979,MCTSAgent,true,20,1.0
1421269639,647,MCTSAgent,2015/01/14 22:07:19,zelda,2,1,6,1303,MCTSAgent,true,20,1.0
1421269639,648,MCTSAgent,2015/01/14 22:07:19,zelda,3,0,1,149,MCTSAgent,true,20,1.0
1421269639,649,MCTSAgent,2015/01/14 22:07:19,zelda,4,0,-1,135,MCTSAgent,true,20,1.0
1421269639,650,MCTSAgent,2015/01/14 22:07:19,camelRace,0,0,-1,78,MCTSAgent,true,20,1.0
1421269639,651,MCTSAgent,2015/01/14 22:07:19,camelRace,1,0,-1,78,MCTSAgent,true,20,1.0
1421269639,652,MCTSAgent,2015/01/14 22:07:19,camelRace,2,0,-1,78,MCTSAgent,true,20,1.0
1421269639,653,MCTSAgent,2015/01/14 22:07:19,camelRace,3,1,1,1755,MCTSAgent,true,20,1.0
1421269639,654,MCTSAgent,2015/01/14 22:07:19,camelRace,4,0,-1,176,MCTSAgent,true,20,1.0
1421269639,655,MCTSAgent,2015/01/14 22:07:19,digdug,0,0,34,2000,MCTSAgent,true,20,1.0
1421269639,656,MCTSAgent,2015/01/14 22:07:19,digdug,1,0,15,2000,MCTSAgent,true,20,1.0
1421269639,657,MCTSAgent,2015/01/14 22:07:19,digdug,2,0,41,2000,MCTSAgent,true,20,1.0
1421269639,658,MCTSAgent,2015/01/14 22:07:19,digdug,3,0,4,2000,MCTSAgent,true,20,1.0
1421269639,659,MCTSAgent,2015/01/14 22:07:19,digdug,4,0,38,2000,MCTSAgent,true,20,1.0
1421269639,660,MCTSAgent,2015/01/14 22:07:19,firestorms,0,0,-2,57,MCTSAgent,true,20,1.0
1421269639,661,MCTSAgent,2015/01/14 22:07:19,firestorms,1,0,-1,2000,MCTSAgent,true,20,1.0
1421269639,662,MCTSAgent,2015/01/14 22:07:19,firestorms,2,0,-3,2000,MCTSAgent,true,20,1.0
1421269639,663,MCTSAgent,2015/01/14 22:07:19,firestorms,3,0,-1,18,MCTSAgent,true,20,1.0
1421269639,664,MCTSAgent,2015/01/14 22:07:19,firestorms,4,0,0,2000,MCTSAgent,true,20,1.0
1421269639,665,MCTSAgent,2015/01/14 22:07:19,infection,0,1,72,563,MCTSAgent,true,20,1.0
1421269639,666,MCTSAgent,2015/01/14 22:07:19,infection,1,1,15,425,MCTSAgent,true,20,1.0
1421269639,667,MCTSAgent,2015/01/14 22:07:19,infection,2,0,19,2000,MCTSAgent,true,20,1.0
1421269639,668,MCTSAgent,2015/01/14 22:07:19,infection,3,1,8,203,MCTSAgent,true,20,1.0
1421269639,669,MCTSAgent,2015/01/14 22:07:19,infection,4,1,12,156,MCTSAgent,true,20,1.0
1421269639,670,MCTSAgent,2015/01/14 22:07:19,firecaster,0,1,14,837,MCTSAgent,true,20,1.0
1421269639,671,MCTSAgent,2015/01/14 22:07:19,firecaster,1,0,11,2000,MCTSAgent,true,20,1.0
1421269639,672,MCTSAgent,2015/01/14 22:07:19,firecaster,2,0,6,2000,MCTSAgent,true,20,1.0
1421269639,673,MCTSAgent,2015/01/14 22:07:19,firecaster,3,0,25,2000,MCTSAgent,true,20,1.0
1421269639,674,MCTSAgent,2015/01/14 22:07:19,firecaster,4,0,4,2000,MCTSAgent,true,20,1.0
1421269639,675,MCTSAgent,2015/01/14 22:07:19,overload,0,0,19,2000,MCTSAgent,true,20,1.0
1421269639,676,MCTSAgent,2015/01/14 22:07:19,overload,1,0,13,2000,MCTSAgent,true,20,1.0
1421269639,677,MCTSAgent,2015/01/14 22:07:19,overload,2,1,10,73,MCTSAgent,true,20,1.0
1421269639,678,MCTSAgent,2015/01/14 22:07:19,overload,3,1,14,160,MCTSAgent,true,20,1.0
1421269639,679,MCTSAgent,2015/01/14 22:07:19,overload,4,0,45,2000,MCTSAgent,true,20,1.0
1421269639,680,MCTSAgent,2015/01/14 22:07:19,pacman,0,0,210,2000,MCTSAgent,true,20,1.0
1421269639,681,MCTSAgent,2015/01/14 22:07:19,pacman,1,0,213,2000,MCTSAgent,true,20,1.0
1421269639,682,MCTSAgent,2015/01/14 22:07:19,pacman,2,0,395,2000,MCTSAgent,true,20,1.0
1421269639,683,MCTSAgent,2015/01/14 22:07:19,pacman,3,0,195,2000,MCTSAgent,true,20,1.0
1421269639,684,MCTSAgent,2015/01/14 22:07:19,pacman,4,0,161,2000,MCTSAgent,true,20,1.0
1421269639,685,MCTSAgent,2015/01/14 22:07:19,seaquest,0,0,3091,1786,MCTSAgent,true,20,1.0
1421269639,686,MCTSAgent,2015/01/14 22:07:19,seaquest,1,0,4137,2000,MCTSAgent,true,20,1.0
1421269639,687,MCTSAgent,2015/01/14 22:07:19,seaquest,2,0,6083,2000,MCTSAgent,true,20,1.0
1421269639,688,MCTSAgent,2015/01/14 22:07:19,seaquest,3,0,10138,2000,MCTSAgent,true,20,1.0
1421269639,689,MCTSAgent,2015/01/14 22:07:19,seaquest,4,0,11086,2000,MCTSAgent,true,20,1.0
1421269639,690,MCTSAgent,2015/01/14 22:07:19,whackamole,0,1,28,500,MCTSAgent,true,20,1.0
1421269639,691,MCTSAgent,2015/01/14 22:07:19,whackamole,1,1,27,500,MCTSAgent,true,20,1.0
1421269639,692,MCTSAgent,2015/01/14 22:07:19,whackamole,2,0,8,443,MCTSAgent,true,20,1.0
1421269639,693,MCTSAgent,2015/01/14 22:07:19,whackamole,3,1,32,500,MCTSAgent,true,20,1.0
1421269639,694,MCTSAgent,2015/01/14 22:07:19,whackamole,4,0,-5,292,MCTSAgent,true,20,1.0
1421269639,695,MCTSAgent,2015/01/14 22:07:19,eggomania,0,0,0,193,MCTSAgent,true,20,1.0
1421269639,696,MCTSAgent,2015/01/14 22:07:19,eggomania,1,0,0,119,MCTSAgent,true,20,1.0
1421269639,697,MCTSAgent,2015/01/14 22:07:19,eggomania,2,0,8,171,MCTSAgent,true,20,1.0
1421269639,698,MCTSAgent,2015/01/14 22:07:19,eggomania,3,1,106,491,MCTSAgent,true,20,1.0
1421269639,699,MCTSAgent,2015/01/14 22:07:19,eggomania,4,0,1,83,MCTSAgent,true,20,1.0
1421269639,700,MCTSAgent,2015/01/14 22:07:19,aliens,0,1,80,503,MCTSAgent,true,20,1.0
1421269639,701,MCTSAgent,2015/01/14 22:07:19,aliens,1,1,71,357,MCTSAgent,true,20,1.0
1421269639,702,MCTSAgent,2015/01/14 22:07:19,aliens,2,1,74,385,MCTSAgent,true,20,1.0
1421269639,703,MCTSAgent,2015/01/14 22:07:19,aliens,3,1,42,354,MCTSAgent,true,20,1.0
1421269639,704,MCTSAgent,2015/01/14 22:07:19,aliens,4,1,65,391,MCTSAgent,true,20,1.0
1421269639,705,MCTSAgent,2015/01/14 22:07:19,boulderdash,0,1,20,1265,MCTSAgent,true,20,1.0
1421269639,706,MCTSAgent,2015/01/14 22:07:19,boulderdash,1,1,21,256,MCTSAgent,true,20,1.0
1421269639,707,MCTSAgent,2015/01/14 22:07:19,boulderdash,2,1,20,671,MCTSAgent,true,20,1.0
1421269639,708,MCTSAgent,2015/01/14 22:07:19,boulderdash,3,1,26,1564,MCTSAgent,true,20,1.0
1421269639,709,MCTSAgent,2015/01/14 22:07:19,boulderdash,4,1,32,1593,MCTSAgent,true,20,1.0
1421269639,710,MCTSAgent,2015/01/14 22:07:19,butterflies,0,1,12,58,MCTSAgent,true,20,1.0
1421269639,711,MCTSAgent,2015/01/14 22:07:19,butterflies,1,1,28,157,MCTSAgent,true,20,1.0
1421269639,712,MCTSAgent,2015/01/14 22:07:19,butterflies,2,1,60,116,MCTSAgent,true,20,1.0
1421269639,713,MCTSAgent,2015/01/14 22:07:19,butterflies,3,1,22,175,MCTSAgent,true,20,1.0
1421269639,714,MCTSAgent,2015/01/14 22:07:19,butterflies,4,1,14,124,MCTSAgent,true,20,1.0
1421269639,715,MCTSAgent,2015/01/14 22:07:19,chase,0,1,7,407,MCTSAgent,true,20,1.0
1421269639,716,MCTSAgent,2015/01/14 22:07:19,chase,1,1,8,557,MCTSAgent,true,20,1.0
1421269639,717,MCTSAgent,2015/01/14 22:07:19,chase,2,1,15,478,MCTSAgent,true,20,1.0
1421269639,718,MCTSAgent,2015/01/14 22:07:19,chase,3,1,8,1179,MCTSAgent,true,20,1.0
1421269639,719,MCTSAgent,2015/01/14 22:07:19,chase,4,1,8,248,MCTSAgent,true,20,1.0
1421269639,720,MCTSAgent,2015/01/14 22:07:19,frogs,0,0,-2,15,MCTSAgent,true,20,1.0
1421269639,721,MCTSAgent,2015/01/14 22:07:19,frogs,1,0,-2,14,MCTSAgent,true,20,1.0
1421269639,722,MCTSAgent,2015/01/14 22:07:19,frogs,2,0,-2,29,MCTSAgent,true,20,1.0
1421269639,723,MCTSAgent,2015/01/14 22:07:19,frogs,3,0,-2,10,MCTSAgent,true,20,1.0
1421269639,724,MCTSAgent,2015/01/14 22:07:19,frogs,4,0,0,2,MCTSAgent,true,20,1.0
1421269639,725,MCTSAgent,2015/01/14 22:07:19,missilecommand,0,1,5,110,MCTSAgent,true,20,1.0
1421269639,726,MCTSAgent,2015/01/14 22:07:19,missilecommand,1,1,16,67,MCTSAgent,true,20,1.0
1421269639,727,MCTSAgent,2015/01/14 22:07:19,missilecommand,2,1,2,190,MCTSAgent,true,20,1.0
1421269639,728,MCTSAgent,2015/01/14 22:07:19,missilecommand,3,1,8,110,MCTSAgent,true,20,1.0
1421269639,729,MCTSAgent,2015/01/14 22:07:19,missilecommand,4,0,2,297,MCTSAgent,true,20,1.0
1421269639,730,MCTSAgent,2015/01/14 22:07:19,portals,0,0,0,2000,MCTSAgent,true,20,1.0
1421269639,731,MCTSAgent,2015/01/14 22:07:19,portals,1,0,0,2000,MCTSAgent,true,20,1.0
1421269639,732,MCTSAgent,2015/01/14 22:07:19,portals,2,0,0,2000,MCTSAgent,true,20,1.0
1421269639,733,MCTSAgent,2015/01/14 22:07:19,portals,3,0,0,2000,MCTSAgent,true,20,1.0
1421269639,734,MCTSAgent,2015/01/14 22:07:19,portals,4,0,0,12,MCTSAgent,true,20,1.0
1421269639,735,MCTSAgent,2015/01/14 22:07:19,sokoban,0,0,1,2000,MCTSAgent,true,20,1.0
1421269639,736,MCTSAgent,2015/01/14 22:07:19,sokoban,1,0,2,2000,MCTSAgent,true,20,1.0
1421269639,737,MCTSAgent,2015/01/14 22:07:19,sokoban,2,1,3,109,MCTSAgent,true,20,1.0
1421269639,738,MCTSAgent,2015/01/14 22:07:19,sokoban,3,0,2,2000,MCTSAgent,true,20,1.0
1421269639,739,MCTSAgent,2015/01/14 22:07:19,sokoban,4,1,2,9,MCTSAgent,true,20,1.0
1421269639,740,MCTSAgent,2015/01/14 22:07:19,survivezombies,0,1,29,1000,MCTSAgent,true,20,1.0
1421269639,741,MCTSAgent,2015/01/14 22:07:19,survivezombies,1,1,60,1000,MCTSAgent,true,20,1.0
1421269639,742,MCTSAgent,2015/01/14 22:07:19,survivezombies,2,0,27,526,MCTSAgent,true,20,1.0
1421269639,743,MCTSAgent,2015/01/14 22:07:19,survivezombies,3,0,3,88,MCTSAgent,true,20,1.0
1421269639,744,MCTSAgent,2015/01/14 22:07:19,survivezombies,4,0,2,150,MCTSAgent,true,20,1.0
1421269639,745,MCTSAgent,2015/01/14 22:07:19,zelda,0,1,6,1017,MCTSAgent,true,20,1.0
1421269639,746,MCTSAgent,2015/01/14 22:07:19,zelda,1,1,6,1037,MCTSAgent,true,20,1.0
1421269639,747,MCTSAgent,2015/01/14 22:07:19,zelda,2,0,3,2000,MCTSAgent,true,20,1.0
1421269639,748,MCTSAgent,2015/01/14 22:07:19,zelda,3,1,4,420,MCTSAgent,true,20,1.0
1421269639,749,MCTSAgent,2015/01/14 22:07:19,zelda,4,0,5,2000,MCTSAgent,true,20,1.0
1421269639,750,MCTSAgent,2015/01/14 22:07:19,camelRace,0,0,-1,78,MCTSAgent,true,20,1.0
1421269639,751,MCTSAgent,2015/01/14 22:07:19,camelRace,1,0,-1,78,MCTSAgent,true,20,1.0
1421269639,752,MCTSAgent,2015/01/14 22:07:19,camelRace,2,0,-1,78,MCTSAgent,true,20,1.0
1421269639,753,MCTSAgent,2015/01/14 22:07:19,camelRace,3,0,0,2000,MCTSAgent,true,20,1.0
1421269639,754,MCTSAgent,2015/01/14 22:07:19,camelRace,4,0,-1,176,MCTSAgent,true,20,1.0
1421269639,755,MCTSAgent,2015/01/14 22:07:19,digdug,0,0,30,2000,MCTSAgent,true,20,1.0
1421269639,756,MCTSAgent,2015/01/14 22:07:19,digdug,1,0,14,2000,MCTSAgent,true,20,1.0
1421269639,757,MCTSAgent,2015/01/14 22:07:19,digdug,2,0,23,2000,MCTSAgent,true,20,1.0
1421269639,758,MCTSAgent,2015/01/14 22:07:19,digdug,3,0,3,2000,MCTSAgent,true,20,1.0
1421269639,759,MCTSAgent,2015/01/14 22:07:19,digdug,4,0,0,2000,MCTSAgent,true,20,1.0
1421269639,760,MCTSAgent,2015/01/14 22:07:19,firestorms,0,0,-5,2000,MCTSAgent,true,20,1.0
1421269639,761,MCTSAgent,2015/01/14 22:07:19,firestorms,1,0,-2,2000,MCTSAgent,true,20,1.0
1421269639,762,MCTSAgent,2015/01/14 22:07:19,firestorms,2,0,-1,7,MCTSAgent,true,20,1.0
1421269639,763,MCTSAgent,2015/01/14 22:07:19,firestorms,3,0,-1,20,MCTSAgent,true,20,1.0
1421269639,764,MCTSAgent,2015/01/14 22:07:19,firestorms,4,0,0,2000,MCTSAgent,true,20,1.0
1421269639,765,MCTSAgent,2015/01/14 22:07:19,infection,0,1,46,1533,MCTSAgent,true,20,1.0
1421269639,766,MCTSAgent,2015/01/14 22:07:19,infection,1,1,102,1382,MCTSAgent,true,20,1.0
1421269639,767,MCTSAgent,2015/01/14 22:07:19,infection,2,1,57,743,MCTSAgent,true,20,1.0
1421269639,768,MCTSAgent,2015/01/14 22:07:19,infection,3,1,14,124,MCTSAgent,true,20,1.0
1421269639,769,MCTSAgent,2015/01/14 22:07:19,infection,4,1,10,104,MCTSAgent,true,20,1.0
1421269639,770,MCTSAgent,2015/01/14 22:07:19,firecaster,0,0,18,2000,MCTSAgent,true,20,1.0
1421269639,771,MCTSAgent,2015/01/14 22:07:19,firecaster,1,0,12,2000,MCTSAgent,true,20,1.0
1421269639,772,MCTSAgent,2015/01/14 22:07:19,firecaster,2,0,14,2000,MCTSAgent,true,20,1.0
1421269639,773,MCTSAgent,2015/01/14 22:07:19,firecaster,3,0,7,2000,MCTSAgent,true,20,1.0
1421269639,774,MCTSAgent,2015/01/14 22:07:19,firecaster,4,0,4,2000,MCTSAgent,true,20,1.0
1421269639,775,MCTSAgent,2015/01/14 22:07:19,overload,0,0,19,2000,MCTSAgent,true,20,1.0
1421269639,776,MCTSAgent,2015/01/14 22:07:19,overload,1,0,13,2000,MCTSAgent,true,20,1.0
1421269639,777,MCTSAgent,2015/01/14 22:07:19,overload,2,1,12,43,MCTSAgent,true,20,1.0
1421269639,778,MCTSAgent,2015/01/14 22:07:19,overload,3,0,15,2000,MCTSAgent,true,20,1.0
1421269639,779,MCTSAgent,2015/01/14 22:07:19,overload,4,0,55,2000,MCTSAgent,true,20,1.0
1421269639,780,MCTSAgent,2015/01/14 22:07:19,pacman,0,0,220,875,MCTSAgent,true,20,1.0
1421269639,781,MCTSAgent,2015/01/14 22:07:19,pacman,1,0,260,2000,MCTSAgent,true,20,1.0
1421269639,782,MCTSAgent,2015/01/14 22:07:19,pacman,2,0,282,2000,MCTSAgent,true,20,1.0
1421269639,783,MCTSAgent,2015/01/14 22:07:19,pacman,3,0,55,2000,MCTSAgent,true,20,1.0
1421269639,784,MCTSAgent,2015/01/14 22:07:19,pacman,4,0,125,2000,MCTSAgent,true,20,1.0
1421269639,785,MCTSAgent,2015/01/14 22:07:19,seaquest,0,0,3092,2000,MCTSAgent,true,20,1.0
1421269639,786,MCTSAgent,2015/01/14 22:07:19,seaquest,1,0,2089,2000,MCTSAgent,true,20,1.0
1421269639,787,MCTSAgent,2015/01/14 22:07:19,seaquest,2,0,7066,2000,MCTSAgent,true,20,1.0
1421269639,788,MCTSAgent,2015/01/14 22:07:19,seaquest,3,0,1086,1031,MCTSAgent,true,20,1.0
1421269639,789,MCTSAgent,2015/01/14 22:07:19,seaquest,4,0,11086,2000,MCTSAgent,true,20,1.0
1421269639,790,MCTSAgent,2015/01/14 22:07:19,whackamole,0,1,23,500,MCTSAgent,true,20,1.0
1421269639,791,MCTSAgent,2015/01/14 22:07:19,whackamole,1,0,15,353,MCTSAgent,true,20,1.0
1421269639,792,MCTSAgent,2015/01/14 22:07:19,whackamole,2,1,18,500,MCTSAgent,true,20,1.0
1421269639,793,MCTSAgent,2015/01/14 22:07:19,whackamole,3,1,32,500,MCTSAgent,true,20,1.0
1421269639,794,MCTSAgent,2015/01/14 22:07:19,whackamole,4,1,1,500,MCTSAgent,true,20,1.0
1421269639,795,MCTSAgent,2015/01/14 22:07:19,eggomania,0,1,111,676,MCTSAgent,true,20,1.0
1421269639,796,MCTSAgent,2015/01/14 22:07:19,eggomania,1,0,0,95,MCTSAgent,true,20,1.0
1421269639,797,MCTSAgent,2015/01/14 22:07:19,eggomania,2,0,1,107,MCTSAgent,true,20,1.0
1421269639,798,MCTSAgent,2015/01/14 22:07:19,eggomania,3,1,106,365,MCTSAgent,true,20,1.0
1421269639,799,MCTSAgent,2015/01/14 22:07:19,eggomania,4,0,3,103,MCTSAgent,true,20,1.0
1421269639,800,MCTSAgent,2015/01/14 22:07:19,aliens,0,1,81,474,MCTSAgent,true,20,1.0
1421269639,801,MCTSAgent,2015/01/14 22:07:19,aliens,1,1,79,426,MCTSAgent,true,20,1.0
1421269639,802,MCTSAgent,2015/01/14 22:07:19,aliens,2,1,66,411,MCTSAgent,true,20,1.0
1421269639,803,MCTSAgent,2015/01/14 22:07:19,aliens,3,1,46,464,MCTSAgent,true,20,1.0
1421269639,804,MCTSAgent,2015/01/14 22:07:19,aliens,4,1,64,377,MCTSAgent,true,20,1.0
1421269639,805,MCTSAgent,2015/01/14 22:07:19,boulderdash,0,0,7,350,MCTSAgent,true,20,1.0
1421269639,806,MCTSAgent,2015/01/14 22:07:19,boulderdash,1,0,1,57,MCTSAgent,true,20,1.0
1421269639,807,MCTSAgent,2015/01/14 22:07:19,boulderdash,2,0,15,228,MCTSAgent,true,20,1.0
1421269639,808,MCTSAgent,2015/01/14 22:07:19,boulderdash,3,0,7,306,MCTSAgent,true,20,1.0
1421269639,809,MCTSAgent,2015/01/14 22:07:19,boulderdash,4,1,20,217,MCTSAgent,true,20,1.0
1421269639,810,MCTSAgent,2015/01/14 22:07:19,butterflies,0,1,14,85,MCTSAgent,true,20,1.0
1421269639,811,MCTSAgent,2015/01/14 22:07:19,butterflies,1,1,32,92,MCTSAgent,true,20,1.0
1421269639,812,MCTSAgent,2015/01/14 22:07:19,butterflies,2,1,48,131,MCTSAgent,true,20,1.0
1421269639,813,MCTSAgent,2015/01/14 22:07:19,butterflies,3,1,20,44,MCTSAgent,true,20,1.0
1421269639,814,MCTSAgent,2015/01/14 22:07:19,butterflies,4,1,14,122,MCTSAgent,true,20,1.0
1421269639,815,MCTSAgent,2015/01/14 22:07:19,chase,0,1,7,1740,MCTSAgent,true,20,1.0
1421269639,816,MCTSAgent,2015/01/14 22:07:19,chase,1,1,6,1457,MCTSAgent,true,20,1.0
1421269639,817,MCTSAgent,2015/01/14 22:07:19,chase,2,0,14,2000,MCTSAgent,true,20,1.0
1421269639,818,MCTSAgent,2015/01/14 22:07:19,chase,3,1,8,104,MCTSAgent,true,20,1.0
1421269639,819,MCTSAgent,2015/01/14 22:07:19,chase,4,1,12,99,MCTSAgent,true,20,1.0
1421269639,820,MCTSAgent,2015/01/14 22:07:19,frogs,0,0,-2,11,MCTSAgent,true,20,1.0
1421269639,821,MCTSAgent,2015/01/14 22:07:19,frogs,1,0,-2,40,MCTSAgent,true,20,1.0
1421269639,822,MCTSAgent,2015/01/14 22:07:19,frogs,2,0,-2,67,MCTSAgent,true,20,1.0
1421269639,823,MCTSAgent,2015/01/14 22:07:19,frogs,3,0,-2,7,MCTSAgent,true,20,1.0
1421269639,824,MCTSAgent,2015/01/14 22:07:19,frogs,4,0,0,4,MCTSAgent,true,20,1.0
1421269639,825,MCTSAgent,2015/01/14 22:07:19,missilecommand,0,1,8,77,MCTSAgent,true,20,1.0
1421269639,826,MCTSAgent,2015/01/14 22:07:19,missilecommand,1,1,16,88,MCTSAgent,true,20,1.0
1421269639,827,MCTSAgent,2015/01/14 22:07:19,missilecommand,2,1,5,112,MCTSAgent,true,20,1.0
1421269639,828,MCTSAgent,2015/01/14 22:07:19,missilecommand,3,1,8,110,MCTSAgent,true,20,1.0
1421269639,829,MCTSAgent,2015/01/14 22:07:19,missilecommand,4,0,2,110,MCTSAgent,true,20,1.0
1421269639,830,MCTSAgent,2015/01/14 22:07:19,portals,0,0,0,2000,MCTSAgent,true,20,1.0
1421269639,831,MCTSAgent,2015/01/14 22:07:19,portals,1,0,0,2000,MCTSAgent,true,20,1.0
1421269639,832,MCTSAgent,2015/01/14 22:07:19,portals,2,0,0,2000,MCTSAgent,true,20,1.0
1421269639,833,MCTSAgent,2015/01/14 22:07:19,portals,3,0,0,1994,MCTSAgent,true,20,1.0
1421269639,834,MCTSAgent,2015/01/14 22:07:19,portals,4,0,0,10,MCTSAgent,true,20,1.0
1421269639,835,MCTSAgent,2015/01/14 22:07:19,sokoban,0,0,0,2000,MCTSAgent,true,20,1.0
1421269639,836,MCTSAgent,2015/01/14 22:07:19,sokoban,1,1,3,100,MCTSAgent,true,20,1.0
1421269639,837,MCTSAgent,2015/01/14 22:07:19,sokoban,2,0,2,2000,MCTSAgent,true,20,1.0
1421269639,838,MCTSAgent,2015/01/14 22:07:19,sokoban,3,0,2,2000,MCTSAgent,true,20,1.0
1421269639,839,MCTSAgent,2015/01/14 22:07:19,sokoban,4,1,2,11,MCTSAgent,true,20,1.0
1421269639,840,MCTSAgent,2015/01/14 22:07:19,survivezombies,0,1,28,1000,MCTSAgent,true,20,1.0
1421269639,841,MCTSAgent,2015/01/14 22:07:19,survivezombies,1,1,68,1000,MCTSAgent,true,20,1.0
1421269639,842,MCTSAgent,2015/01/14 22:07:19,survivezombies,2,0,31,793,MCTSAgent,true,20,1.0
1421269639,843,MCTSAgent,2015/01/14 22:07:19,survivezombies,3,0,10,155,MCTSAgent,true,20,1.0
1421269639,844,MCTSAgent,2015/01/14 22:07:19,survivezombies,4,0,3,129,MCTSAgent,true,20,1.0
1421269639,845,MCTSAgent,2015/01/14 22:07:19,zelda,0,1,6,690,MCTSAgent,true,20,1.0
1421269639,846,MCTSAgent,2015/01/14 22:07:19,zelda,1,1,6,797,MCTSAgent,true,20,1.0
1421269639,847,MCTSAgent,2015/01/14 22:07:19,zelda,2,0,0,2000,MCTSAgent,true,20,1.0
1421269639,848,MCTSAgent,2015/01/14 22:07:19,zelda,3,1,6,603,MCTSAgent,true,20,1.0
1421269639,849,MCTSAgent,2015/01/14 22:07:19,zelda,4,0,3,2000,MCTSAgent,true,20,1.0
1421269639,850,MCTSAgent,2015/01/14 22:07:19,camelRace,0,0,-1,78,MCTSAgent,true,20,1.0
1421269639,851,MCTSAgent,2015/01/14 22:07:19,camelRace,1,0,-1,78,MCTSAgent,true,20,1.0
1421269639,852,MCTSAgent,2015/01/14 22:07:19,camelRace,2,0,-1,78,MCTSAgent,true,20,1.0
1421269639,853,MCTSAgent,2015/01/14 22:07:19,camelRace,3,0,0,2000,MCTSAgent,true,20,1.0
1421269639,854,MCTSAgent,2015/01/14 22:07:19,camelRace,4,0,-1,176,MCTSAgent,true,20,1.0
1421269639,855,MCTSAgent,2015/01/14 22:07:19,digdug,0,0,30,2000,MCTSAgent,true,20,1.0
1421269639,856,MCTSAgent,2015/01/14 22:07:19,digdug,1,0,23,2000,MCTSAgent,true,20,1.0
1421269639,857,MCTSAgent,2015/01/14 22:07:19,digdug,2,0,31,2000,MCTSAgent,true,20,1.0
1421269639,858,MCTSAgent,2015/01/14 22:07:19,digdug,3,0,10,2000,MCTSAgent,true,20,1.0
1421269639,859,MCTSAgent,2015/01/14 22:07:19,digdug,4,0,0,2000,MCTSAgent,true,20,1.0
1421269639,860,MCTSAgent,2015/01/14 22:07:19,firestorms,0,0,-4,426,MCTSAgent,true,20,1.0
1421269639,861,MCTSAgent,2015/01/14 22:07:19,firestorms,1,0,-7,2000,MCTSAgent,true,20,1.0
1421269639,862,MCTSAgent,2015/01/14 22:07:19,firestorms,2,0,-2,45,MCTSAgent,true,20,1.0
1421269639,863,MCTSAgent,2015/01/14 22:07:19,firestorms,3,0,-2,41,MCTSAgent,true,20,1.0
1421269639,864,MCTSAgent,2015/01/14 22:07:19,firestorms,4,0,0,2000,MCTSAgent,true,20,1.0
1421269639,865,MCTSAgent,2015/01/14 22:07:19,infection,0,1,77,680,MCTSAgent,true,20,1.0
1421269639,866,MCTSAgent,2015/01/14 22:07:19,infection,1,1,22,664,MCTSAgent,true,20,1.0
1421269639,867,MCTSAgent,2015/01/14 22:07:19,infection,2,0,9,2000,MCTSAgent,true,20,1.0
1421269639,868,MCTSAgent,2015/01/14 22:07:19,infection,3,1,4,211,MCTSAgent,true,20,1.0
1421269639,869,MCTSAgent,2015/01/14 22:07:19,infection,4,1,66,991,MCTSAgent,true,20,1.0
1421269639,870,MCTSAgent,2015/01/14 22:07:19,firecaster,0,0,18,2000,MCTSAgent,true,20,1.0
1421269639,871,MCTSAgent,2015/01/14 22:07:19,firecaster,1,0,16,2000,MCTSAgent,true,20,1.0
1421269639,872,MCTSAgent,2015/01/14 22:07:19,firecaster,2,0,5,2000,MCTSAgent,true,20,1.0
1421269639,873,MCTSAgent,2015/01/14 22:07:19,firecaster,3,0,28,2000,MCTSAgent,true,20,1.0
1421269639,874,MCTSAgent,2015/01/14 22:07:19,firecaster,4,0,4,2000,MCTSAgent,true,20,1.0
1421269639,875,MCTSAgent,2015/01/14 22:07:19,overload,0,0,20,2000,MCTSAgent,true,20,1.0
1421269639,876,MCTSAgent,2015/01/14 22:07:19,overload,1,0,15,2000,MCTSAgent,true,20,1.0
1421269639,877,MCTSAgent,2015/01/14 22:07:19,overload,2,1,18,117,MCTSAgent,true,20,1.0
1421269639,878,MCTSAgent,2015/01/14 22:07:19,overload,3,1,22,260,MCTSAgent,true,20,1.0
1421269639,879,MCTSAgent,2015/01/14 22:07:19,overload,4,0,42,1990,MCTSAgent,true,20,1.0
1421269639,880,MCTSAgent,2015/01/14 22:07:19,pacman,0,0,259,2000,MCTSAgent,true,20,1.0
1421269639,881,MCTSAgent,2015/01/14 22:07:19,pacman,1,0,309,2000,MCTSAgent,true,20,1.0
1421269639,882,MCTSAgent,2015/01/14 22:07:19,pacman,2,0,234,1486,MCTSAgent,true,20,1.0
1421269639,883,MCTSAgent,2015/01/14 22:07:19,pacman,3,0,42,449,MCTSAgent,true,20,1.0
1421269639,884,MCTSAgent,2015/01/14 22:07:19,pacman,4,0,155,2000,MCTSAgent,true,20,1.0
1421269639,885,MCTSAgent,2015/01/14 22:07:19,seaquest,0,0,86,2000,MCTSAgent,true,20,1.0
1421269639,886,MCTSAgent,2015/01/14 22:07:19,seaquest,1,0,1105,2000,MCTSAgent,true,20,1.0
1421269639,887,MCTSAgent,2015/01/14 22:07:19,seaquest,2,0,8078,2000,MCTSAgent,true,20,1.0
1421269639,888,MCTSAgent,2015/01/14 22:07:19,seaquest,3,0,2045,643,MCTSAgent,true,20,1.0
1421269639,889,MCTSAgent,2015/01/14 22:07:19,seaquest,4,0,4032,773,MCTSAgent,true,20,1.0
1421269639,890,MCTSAgent,2015/01/14 22:07:19,whackamole,0,1,24,500,MCTSAgent,true,20,1.0
1421269639,891,MCTSAgent,2015/01/14 22:07:19,whackamole,1,1,22,500,MCTSAgent,true,20,1.0
1421269639,892,MCTSAgent,2015/01/14 22:07:19,whackamole,2,1,11,500,MCTSAgent,true,20,1.0
1421269639,893,MCTSAgent,2015/01/14 22:07:19,whackamole,3,1,32,500,MCTSAgent,true,20,1.0
1421269639,894,MCTSAgent,2015/01/14 22:07:19,whackamole,4,0,0,454,MCTSAgent,true,20,1.0
1421269639,895,MCTSAgent,2015/01/14 22:07:19,eggomania,0,0,0,247,MCTSAgent,true,20,1.0
1421269639,896,MCTSAgent,2015/01/14 22:07:19,eggomania,1,1,107,150,MCTSAgent,true,20,1.0
1421269639,897,MCTSAgent,2015/01/14 22:07:19,eggomania,2,0,7,223,MCTSAgent,true,20,1.0
1421269639,898,MCTSAgent,2015/01/14 22:07:19,eggomania,3,0,2,249,MCTSAgent,true,20,1.0
1421269639,899,MCTSAgent,2015/01/14 22:07:19,eggomania,4,0,0,55,MCTSAgent,true,20,1.0
1421269639,900,MCTSAgent,2015/01/14 22:07:19,aliens,0,1,76,402,MCTSAgent,true,20,1.0
1421269639,901,MCTSAgent,2015/01/14 22:07:19,aliens,1,1,67,343,MCTSAgent,true,20,1.0
1421269639,902,MCTSAgent,2015/01/14 22:07:19,aliens,2,1,77,422,MCTSAgent,true,20,1.0
1421269639,903,MCTSAgent,2015/01/14 22:07:19,aliens,3,1,45,445,MCTSAgent,true,20,1.0
1421269639,904,MCTSAgent,2015/01/14 22:07:19,aliens,4,1,67,414,MCTSAgent,true,20,1.0
1421269639,905,MCTSAgent,2015/01/14 22:07:19,boulderdash,0,0,1,98,MCTSAgent,true,20,1.0
1421269639,906,MCTSAgent,2015/01/14 22:07:19,boulderdash,1,1,22,188,MCTSAgent,true,20,1.0
1421269639,907,MCTSAgent,2015/01/14 22:07:19,boulderdash,2,1,26,751,MCTSAgent,true,20,1.0
1421269639,908,MCTSAgent,2015/01/14 22:07:19,boulderdash,3,0,-1,75,MCTSAgent,true,20,1.0
1421269639,909,MCTSAgent,2015/01/14 22:07:19,boulderdash,4,0,1,43,MCTSAgent,true,20,1.0
1421269639,910,MCTSAgent,2015/01/14 22:07:19,butterflies,0,1,24,174,MCTSAgent,true,20,1.0
1421269639,911,MCTSAgent,2015/01/14 22:07:19,butterflies,1,1,32,125,MCTSAgent,true,20,1.0
1421269639,912,MCTSAgent,2015/01/14 22:07:19,butterflies,2,1,36,91,MCTSAgent,true,20,1.0
1421269639,913,MCTSAgent,2015/01/14 22:07:19,butterflies,3,1,24,65,MCTSAgent,true,20,1.0
1421269639,914,MCTSAgent,2015/01/14 22:07:19,butterflies,4,1,14,110,MCTSAgent,true,20,1.0
1421269639,915,MCTSAgent,2015/01/14 22:07:19,chase,0,0,5,2000,MCTSAgent,true,20,1.0
1421269639,916,MCTSAgent,2015/01/14 22:07:19,chase,1,1,8,390,MCTSAgent,true,20,1.0
1421269639,917,MCTSAgent,2015/01/14 22:07:19,chase,2,1,15,628,MCTSAgent,true,20,1.0
1421269639,918,MCTSAgent,2015/01/14 22:07:19,chase,3,1,8,258,MCTSAgent,true,20,1.0
1421269639,919,MCTSAgent,2015/01/14 22:07:19,chase,4,1,12,1858,MCTSAgent,true,20,1.0
1421269639,920,MCTSAgent,2015/01/14 22:07:19,frogs,0,0,-2,49,MCTSAgent,true,20,1.0
1421269639,921,MCTSAgent,2015/01/14 22:07:19,frogs,1,0,-2,10,MCTSAgent,true,20,1.0
1421269639,922,MCTSAgent,2015/01/14 22:07:19,frogs,2,0,-2,29,MCTSAgent,true,20,1.0
1421269639,923,MCTSAgent,2015/01/14 22:07:19,frogs,3,0,-2,30,MCTSAgent,true,20,1.0
1421269639,924,MCTSAgent,2015/01/14 22:07:19,frogs,4,0,0,15,MCTSAgent,true,20,1.0
1421269639,925,MCTSAgent,2015/01/14 22:07:19,missilecommand,0,1,5,110,MCTSAgent,true,20,1.0
1421269639,926,MCTSAgent,2015/01/14 22:07:19,missilecommand,1,0,11,176,MCTSAgent,true,20,1.0
1421269639,927,MCTSAgent,2015/01/14 22:07:19,missilecommand,2,1,2,110,MCTSAgent,true,20,1.0
1421269639,928,MCTSAgent,2015/01/14 22:07:19,missilecommand,3,1,8,110,MCTSAgent,true,20,1.0
1421269639,929,MCTSAgent,2015/01/14 22:07:19,missilecommand,4,1,5,81,MCTSAgent,true,20,1.0
1421269639,930,MCTSAgent,2015/01/14 22:07:19,portals,0,0,0,2000,MCTSAgent,true,20,1.0
1421269639,931,MCTSAgent,2015/01/14 22:07:19,portals,1,0,0,2000,MCTSAgent,true,20,1.0
1421269639,932,MCTSAgent,2015/01/14 22:07:19,portals,2,0,0,2000,MCTSAgent,true,20,1.0
1421269639,933,MCTSAgent,2015/01/14 22:07:19,portals,3,0,0,2000,MCTSAgent,true,20,1.0
1421269639,934,MCTSAgent,2015/01/14 22:07:19,portals,4,0,0,8,MCTSAgent,true,20,1.0
1421269639,935,MCTSAgent,2015/01/14 22:07:19,sokoban,0,0,0,2000,MCTSAgent,true,20,1.0
1421269639,936,MCTSAgent,2015/01/14 22:07:19,sokoban,1,1,3,233,MCTSAgent,true,20,1.0
1421269639,937,MCTSAgent,2015/01/14 22:07:19,sokoban,2,1,3,416,MCTSAgent,true,20,1.0
1421269639,938,MCTSAgent,2015/01/14 22:07:19,sokoban,3,0,2,2000,MCTSAgent,true,20,1.0
1421269639,939,MCTSAgent,2015/01/14 22:07:19,sokoban,4,1,2,7,MCTSAgent,true,20,1.0
1421269639,940,MCTSAgent,2015/01/14 22:07:19,survivezombies,0,1,30,1000,MCTSAgent,true,20,1.0
1421269639,941,MCTSAgent,2015/01/14 22:07:19,survivezombies,1,1,41,1000,MCTSAgent,true,20,1.0
1421269639,942,MCTSAgent,2015/01/14 22:07:19,survivezombies,2,1,48,1000,MCTSAgent,true,20,1.0
1421269639,943,MCTSAgent,2015/01/14 22:07:19,survivezombies,3,0,7,129,MCTSAgent,true,20,1.0
1421269639,944,MCTSAgent,2015/01/14 22:07:19,survivezombies,4,0,6,184,MCTSAgent,true,20,1.0
1421269639,945,MCTSAgent,2015/01/14 22:07:19,zelda,0,1,4,1467,MCTSAgent,true,20,1.0
1421269639,946,MCTSAgent,2015/01/14 22:07:19,zelda,1,1,4,1679,MCTSAgent,true,20,1.0
1421269639,947,MCTSAgent,2015/01/14 22:07:19,zelda,2,0,-1,663,MCTSAgent,true,20,1.0
1421269639,948,MCTSAgent,2015/01/14 22:07:19,zelda,3,1,2,1137,MCTSAgent,true,20,1.0
1421269639,949,MCTSAgent,2015/01/14 22:07:19,zelda,4,0,3,2000,MCTSAgent,true,20,1.0
1421269639,950,MCTSAgent,2015/01/14 22:07:19,camelRace,0,0,-1,78,MCTSAgent,true,20,1.0
1421269639,951,MCTSAgent,2015/01/14 22:07:19,camelRace,1,0,-1,78,MCTSAgent,true,20,1.0
1421269639,952,MCTSAgent,2015/01/14 22:07:19,camelRace,2,0,-1,78,MCTSAgent,true,20,1.0
1421269639,953,MCTSAgent,2015/01/14 22:07:19,camelRace,3,0,0,2000,MCTSAgent,true,20,1.0
1421269639,954,MCTSAgent,2015/01/14 22:07:19,camelRace,4,0,-1,176,MCTSAgent,true,20,1.0
1421269639,955,MCTSAgent,2015/01/14 22:07:19,digdug,0,0,31,2000,MCTSAgent,true,20,1.0
1421269639,956,MCTSAgent,2015/01/14 22:07:19,digdug,1,0,15,2000,MCTSAgent,true,20,1.0
1421269639,957,MCTSAgent,2015/01/14 22:07:19,digdug,2,0,29,2000,MCTSAgent,true,20,1.0
1421269639,958,MCTSAgent,2015/01/14 22:07:19,digdug,3,0,4,2000,MCTSAgent,true,20,1.0
1421269639,959,MCTSAgent,2015/01/14 22:07:19,digdug,4,0,18,2000,MCTSAgent,true,20,1.0
1421269639,960,MCTSAgent,2015/01/14 22:07:19,firestorms,0,0,-8,568,MCTSAgent,true,20,1.0
1421269639,961,MCTSAgent,2015/01/14 22:07:19,firestorms,1,0,-3,89,MCTSAgent,true,20,1.0
1421269639,962,MCTSAgent,2015/01/14 22:07:19,firestorms,2,0,-1,32,MCTSAgent,true,20,1.0
1421269639,963,MCTSAgent,2015/01/14 22:07:19,firestorms,3,0,-1,12,MCTSAgent,true,20,1.0
1421269639,964,MCTSAgent,2015/01/14 22:07:19,firestorms,4,0,0,2000,MCTSAgent,true,20,1.0
1421269639,965,MCTSAgent,2015/01/14 22:07:19,infection,0,1,82,1097,MCTSAgent,true,20,1.0
1421269639,966,MCTSAgent,2015/01/14 22:07:19,infection,1,1,1,203,MCTSAgent,true,20,1.0
1421269639,967,MCTSAgent,2015/01/14 22:07:19,infection,2,0,18,2000,MCTSAgent,true,20,1.0
1421269639,968,MCTSAgent,2015/01/14 22:07:19,infection,3,1,2,137,MCTSAgent,true,20,1.0
1421269639,969,MCTSAgent,2015/01/14 22:07:19,infection,4,1,55,1278,MCTSAgent,true,20,1.0
1421269639,970,MCTSAgent,2015/01/14 22:07:19,firecaster,0,0,12,2000,MCTSAgent,true,20,1.0
1421269639,971,MCTSAgent,2015/01/14 22:07:19,firecaster,1,0,20,2000,MCTSAgent,true,20,1.0
1421269639,972,MCTSAgent,2015/01/14 22:07:19,firecaster,2,0,5,2000,MCTSAgent,true,20,1.0
1421269639,973,MCTSAgent,2015/01/14 22:07:19,firecaster,3,0,24,2000,MCTSAgent,true,20,1.0
1421269639,974,MCTSAgent,2015/01/14 22:07:19,firecaster,4,0,4,2000,MCTSAgent,true,20,1.0
1421269639,975,MCTSAgent,2015/01/14 22:07:19,overload,0,0,21,1998,MCTSAgent,true,20,1.0
1421269639,976,MCTSAgent,2015/01/14 22:07:19,overload,1,0,14,2000,MCTSAgent,true,20,1.0
1421269639,977,MCTSAgent,2015/01/14 22:07:19,overload,2,1,15,123,MCTSAgent,true,20,1.0
1421269639,978,MCTSAgent,2015/01/14 22:07:19,overload,3,0,13,2000,MCTSAgent,true,20,1.0
1421269639,979,MCTSAgent,2015/01/14 22:07:19,overload,4,0,38,2000,MCTSAgent,true,20,1.0
1421269639,980,MCTSAgent,2015/01/14 22:07:19,pacman,0,0,356,1673,MCTSAgent,true,20,1.0
1421269639,981,MCTSAgent,2015/01/14 22:07:19,pacman,1,0,232,2000,MCTSAgent,true,20,1.0
1421269639,982,MCTSAgent,2015/01/14 22:07:19,pacman,2,0,260,1621,MCTSAgent,true,20,1.0
1421269639,983,MCTSAgent,2015/01/14 22:07:19,pacman,3,0,79,2000,MCTSAgent,true,20,1.0
1421269639,984,MCTSAgent,2015/01/14 22:07:19,pacman,4,0,26,303,MCTSAgent,true,20,1.0
1421269639,985,MCTSAgent,2015/01/14 22:07:19,seaquest,0,0,2113,2000,MCTSAgent,true,20,1.0
1421269639,986,MCTSAgent,2015/01/14 22:07:19,seaquest,1,0,65,2000,MCTSAgent,true,20,1.0
1421269639,987,MCTSAgent,2015/01/14 22:07:19,seaquest,2,0,4052,1483,MCTSAgent,true,20,1.0
1421269639,988,MCTSAgent,2015/01/14 22:07:19,seaquest,3,0,8131,1990,MCTSAgent,true,20,1.0
1421269639,989,MCTSAgent,2015/01/14 22:07:19,seaquest,4,0,15097,2000,MCTSAgent,true,20,1.0
1421269639,990,MCTSAgent,2015/01/14 22:07:19,whackamole,0,1,16,500,MCTSAgent,true,20,1.0
1421269639,991,MCTSAgent,2015/01/14 22:07:19,whackamole,1,1,18,500,MCTSAgent,true,20,1.0
1421269639,992,MCTSAgent,2015/01/14 22:07:19,whackamole,2,1,13,500,MCTSAgent,true,20,1.0
1421269639,993,MCTSAgent,2015/01/14 22:07:19,whackamole,3,1,31,500,MCTSAgent,true,20,1.0
1421269639,994,MCTSAgent,2015/01/14 22:07:19,whackamole,4,1,1,500,MCTSAgent,true,20,1.0
1421269639,995,MCTSAgent,2015/01/14 22:07:19,eggomania,0,0,8,709,MCTSAgent,true,20,1.0
1421269639,996,MCTSAgent,2015/01/14 22:07:19,eggomania,1,1,106,218,MCTSAgent,true,20,1.0
1421269639,997,MCTSAgent,2015/01/14 22:07:19,eggomania,2,0,5,175,MCTSAgent,true,20,1.0
1421269639,998,MCTSAgent,2015/01/14 22:07:19,eggomania,3,1,106,461,MCTSAgent,true,20,1.0
1421269639,999,MCTSAgent,2015/01/14 22:07:19,eggomania,4,0,0,99,MCTSAgent,true,20,1.0
